title                         , comment                                                                                                                                                                                                                                                                                                                                                                                                                                                                                                                      , sentiment, genre        , overall rating, ratings  , categories                                                                                                                           , confidence
Offline Games - No Wifi Games , Good morning 🌞 It is a STRESS reliever Play any time of the day or night🤣🤣🤣🤣🤣🤣🤣                                                                                                                                                                                                                                                                                                                                                                                                                                      , POSITIVE , Casual       ,      4.6758375,    269430, "Casual, Minigames, Single player, Stylized, Offline"                                                                                , 0.992
Offline Games - No Wifi Games , "I wish it left the last game you played at the top of the screen. Good app though, lots of things to keep your brain sparking."                                                                                                                                                                                                                                                                                                                                                                                             , POSITIVE , Casual       ,      4.6758375,    269430, "Casual, Minigames, Single player, Stylized, Offline"                                                                                , 0.998
Offline Games - No Wifi Games , 👍🏻                                                                                                                                                                                                                                                                                                                                                                                                                                                                                                                         , NEGATIVE , Casual       ,      4.6758375,    269430, "Casual, Minigames, Single player, Stylized, Offline"                                                                                , 0.6970000000000001
Offline Games - No Wifi Games , good                                                                                                                                                                                                                                                                                                                                                                                                                                                                                                                         , POSITIVE , Casual       ,      4.6758375,    269430, "Casual, Minigames, Single player, Stylized, Offline"                                                                                , 1.0
Offline Games - No Wifi Games , good work                                                                                                                                                                                                                                                                                                                                                                                                                                                                                                                    , POSITIVE , Casual       ,      4.6758375,    269430, "Casual, Minigames, Single player, Stylized, Offline"                                                                                , 1.0
Offline Games - No Wifi Games , I have a friend that wants to play with me in phone together ❤                                                                                                                                                                                                                                                                                                                                                                                                                                                               , POSITIVE , Casual       ,      4.6758375,    269430, "Casual, Minigames, Single player, Stylized, Offline"                                                                                , 0.9590000000000001
Offline Games - No Wifi Games , "it is wonderful, the app has very few adds, and the games are really nice to play with really good Ai competitors, I would give this app 5 stars."                                                                                                                                                                                                                                                                                                                                                                          , POSITIVE , Casual       ,      4.6758375,    269430, "Casual, Minigames, Single player, Stylized, Offline"                                                                                , 1.0
Offline Games - No Wifi Games , "THEE BEST offline free games to download. I HIGHLY RECOMMEND THIS APP! Very relaxing, and LOADS OF FUN. BRINGS BACK OLD MEMORIES AS A LIL GIRL."                                                                                                                                                                                                                                                                                                                                                                            , POSITIVE , Casual       ,      4.6758375,    269430, "Casual, Minigames, Single player, Stylized, Offline"                                                                                , 1.0
Offline Games - No Wifi Games , is fun                                                                                                                                                                                                                                                                                                                                                                                                                                                                                                                       , POSITIVE , Casual       ,      4.6758375,    269430, "Casual, Minigames, Single player, Stylized, Offline"                                                                                , 1.0
Offline Games - No Wifi Games , this is fun when you dpnt have wifi                                                                                                                                                                                                                                                                                                                                                                                                                                                                                          , POSITIVE , Casual       ,      4.6758375,    269430, "Casual, Minigames, Single player, Stylized, Offline"                                                                                , 1.0
Offline Games - No Wifi Games , good I like                                                                                                                                                                                                                                                                                                                                                                                                                                                                                                                  , POSITIVE , Casual       ,      4.6758375,    269430, "Casual, Minigames, Single player, Stylized, Offline"                                                                                , 1.0
Offline Games - No Wifi Games , 1000👍👍👍💵                                                                                                                                                                                                                                                                                                                                                                                                                                                                                                                 , NEGATIVE , Casual       ,      4.6758375,    269430, "Casual, Minigames, Single player, Stylized, Offline"                                                                                , 0.6970000000000001
Offline Games - No Wifi Games , امتع لعبة لعبتها بجد مفيهاش ملل خالص                                                                                                                                                                                                                                                                                                                                                                                                                                                                                         , NEGATIVE , Casual       ,      4.6758375,    269430, "Casual, Minigames, Single player, Stylized, Offline"                                                                                , 0.655
Offline Games - No Wifi Games , very good game I like it 😁                                                                                                                                                                                                                                                                                                                                                                                                                                                                                                  , POSITIVE , Casual       ,      4.6758375,    269430, "Casual, Minigames, Single player, Stylized, Offline"                                                                                , 1.0
Offline Games - No Wifi Games , more updates make it playable with friends like connect the phones together                                                                                                                                                                                                                                                                                                                                                                                                                                                  , POSITIVE , Casual       ,      4.6758375,    269430, "Casual, Minigames, Single player, Stylized, Offline"                                                                                , 0.986
Offline Games - No Wifi Games , nice one.....I don't have any other words....Thnx                                                                                                                                                                                                                                                                                                                                                                                                                                                                            , POSITIVE , Casual       ,      4.6758375,    269430, "Casual, Minigames, Single player, Stylized, Offline"                                                                                , 0.998
Offline Games - No Wifi Games , my experience was very good and it actually works without wifi.                                                                                                                                                                                                                                                                                                                                                                                                                                                              , POSITIVE , Casual       ,      4.6758375,    269430, "Casual, Minigames, Single player, Stylized, Offline"                                                                                , 0.994
Offline Games - No Wifi Games , "Those are not 10000 games, fake advertising"                                                                                                                                                                                                                                                                                                                                                                                                                                                                                , NEGATIVE , Casual       ,      4.6758375,    269430, "Casual, Minigames, Single player, Stylized, Offline"                                                                                , 0.996
Offline Games - No Wifi Games , best game ever                                                                                                                                                                                                                                                                                                                                                                                                                                                                                                               , POSITIVE , Casual       ,      4.6758375,    269430, "Casual, Minigames, Single player, Stylized, Offline"                                                                                , 1.0
Offline Games - No Wifi Games , "It is convenient if you don't have internet or wifi, e.g. driving a car or flying a plane or traveling."                                                                                                                                                                                                                                                                                                                                                                                                                    , NEGATIVE , Casual       ,      4.6758375,    269430, "Casual, Minigames, Single player, Stylized, Offline"                                                                                , 0.625
Fruit Ninja®                  , This is still one of the best Mobile games there!                                                                                                                                                                                                                                                                                                                                                                                                                                                                            , POSITIVE , Arcade       ,      4.5215435,   5543815, "Action, Arcade, Multiplayer, Competitive multiplayer, Single player, Stylized, Cartoon, Food, Fruit, Slice"                         , 1.0
Fruit Ninja®                  , ✅🙄🙄🙄🙄🙄i don't know what I tell about this game 💁                                                                                                                                                                                                                                                                                                                                                                                                                                                                       , NEGATIVE , Arcade       ,      4.5215435,   5543815, "Action, Arcade, Multiplayer, Competitive multiplayer, Single player, Stylized, Cartoon, Food, Fruit, Slice"                         , 0.999
Fruit Ninja®                  , It fell off bad                                                                                                                                                                                                                                                                                                                                                                                                                                                                                                              , NEGATIVE , Arcade       ,      4.5215435,   5543815, "Action, Arcade, Multiplayer, Competitive multiplayer, Single player, Stylized, Cartoon, Food, Fruit, Slice"                         , 1.0
Fruit Ninja®                  , super                                                                                                                                                                                                                                                                                                                                                                                                                                                                                                                        , POSITIVE , Arcade       ,      4.5215435,   5543815, "Action, Arcade, Multiplayer, Competitive multiplayer, Single player, Stylized, Cartoon, Food, Fruit, Slice"                         , 0.999
Fruit Ninja®                  , game the good                                                                                                                                                                                                                                                                                                                                                                                                                                                                                                                , POSITIVE , Arcade       ,      4.5215435,   5543815, "Action, Arcade, Multiplayer, Competitive multiplayer, Single player, Stylized, Cartoon, Food, Fruit, Slice"                         , 1.0
Fruit Ninja®                  , hit game                                                                                                                                                                                                                                                                                                                                                                                                                                                                                                                     , POSITIVE , Arcade       ,      4.5215435,   5543815, "Action, Arcade, Multiplayer, Competitive multiplayer, Single player, Stylized, Cartoon, Food, Fruit, Slice"                         , 0.999
Fruit Ninja®                  , I like it. I'm enjoying this game very much...                                                                                                                                                                                                                                                                                                                                                                                                                                                                               , POSITIVE , Arcade       ,      4.5215435,   5543815, "Action, Arcade, Multiplayer, Competitive multiplayer, Single player, Stylized, Cartoon, Food, Fruit, Slice"                         , 1.0
Fruit Ninja®                  , the game of buty                                                                                                                                                                                                                                                                                                                                                                                                                                                                                                             , NEGATIVE , Arcade       ,      4.5215435,   5543815, "Action, Arcade, Multiplayer, Competitive multiplayer, Single player, Stylized, Cartoon, Food, Fruit, Slice"                         , 0.6930000000000001
Fruit Ninja®                  , good                                                                                                                                                                                                                                                                                                                                                                                                                                                                                                                         , POSITIVE , Arcade       ,      4.5215435,   5543815, "Action, Arcade, Multiplayer, Competitive multiplayer, Single player, Stylized, Cartoon, Food, Fruit, Slice"                         , 1.0
Fruit Ninja®                  , love this game a blast from the past                                                                                                                                                                                                                                                                                                                                                                                                                                                                                         , POSITIVE , Arcade       ,      4.5215435,   5543815, "Action, Arcade, Multiplayer, Competitive multiplayer, Single player, Stylized, Cartoon, Food, Fruit, Slice"                         , 1.0
Fruit Ninja®                  , best game in India all mode is best and game is update or no ads continue Playing game best fruit please try this game it is best game and 1 mistake please or high graphics for best experience but game al time best                                                                                                                                                                                                                                                                                                       , POSITIVE , Arcade       ,      4.5215435,   5543815, "Action, Arcade, Multiplayer, Competitive multiplayer, Single player, Stylized, Cartoon, Food, Fruit, Slice"                         , 0.994
Fruit Ninja®                  , "lost 15 years of my progress, all things get microtransaction"                                                                                                                                                                                                                                                                                                                                                                                                                                                              , NEGATIVE , Arcade       ,      4.5215435,   5543815, "Action, Arcade, Multiplayer, Competitive multiplayer, Single player, Stylized, Cartoon, Food, Fruit, Slice"                         , 1.0
Fruit Ninja®                  , i hate it because it hurts my fingers but it improves me not to be tired                                                                                                                                                                                                                                                                                                                                                                                                                                                     , POSITIVE , Arcade       ,      4.5215435,   5543815, "Action, Arcade, Multiplayer, Competitive multiplayer, Single player, Stylized, Cartoon, Food, Fruit, Slice"                         , 0.996
Fruit Ninja®                  , it is very entertaining I love it I love the new Easter edition                                                                                                                                                                                                                                                                                                                                                                                                                                                              , POSITIVE , Arcade       ,      4.5215435,   5543815, "Action, Arcade, Multiplayer, Competitive multiplayer, Single player, Stylized, Cartoon, Food, Fruit, Slice"                         , 1.0
Fruit Ninja®                  , nice                                                                                                                                                                                                                                                                                                                                                                                                                                                                                                                         , POSITIVE , Arcade       ,      4.5215435,   5543815, "Action, Arcade, Multiplayer, Competitive multiplayer, Single player, Stylized, Cartoon, Food, Fruit, Slice"                         , 1.0
Fruit Ninja®                  , addictive game                                                                                                                                                                                                                                                                                                                                                                                                                                                                                                               , POSITIVE , Arcade       ,      4.5215435,   5543815, "Action, Arcade, Multiplayer, Competitive multiplayer, Single player, Stylized, Cartoon, Food, Fruit, Slice"                         , 0.999
Fruit Ninja®                  , fun and casual                                                                                                                                                                                                                                                                                                                                                                                                                                                                                                               , POSITIVE , Arcade       ,      4.5215435,   5543815, "Action, Arcade, Multiplayer, Competitive multiplayer, Single player, Stylized, Cartoon, Food, Fruit, Slice"                         , 1.0
Fruit Ninja®                  , Idk but I just love this game so so muchhh                                                                                                                                                                                                                                                                                                                                                                                                                                                                                   , POSITIVE , Arcade       ,      4.5215435,   5543815, "Action, Arcade, Multiplayer, Competitive multiplayer, Single player, Stylized, Cartoon, Food, Fruit, Slice"                         , 1.0
Fruit Ninja®                  , GOOD GAME!!!!                                                                                                                                                                                                                                                                                                                                                                                                                                                                                                                , POSITIVE , Arcade       ,      4.5215435,   5543815, "Action, Arcade, Multiplayer, Competitive multiplayer, Single player, Stylized, Cartoon, Food, Fruit, Slice"                         , 1.0
Fruit Ninja®                  , very good                                                                                                                                                                                                                                                                                                                                                                                                                                                                                                                    , POSITIVE , Arcade       ,      4.5215435,   5543815, "Action, Arcade, Multiplayer, Competitive multiplayer, Single player, Stylized, Cartoon, Food, Fruit, Slice"                         , 1.0
Subway Surfers                , This is very nice game 🎮🎮🎮                                                                                                                                                                                                                                                                                                                                                                                                                                                                                                , POSITIVE , Arcade       ,      4.5600967,  41935337, "Action, Platformer, Runner, Arcade, Single player, Stylized, Experiences, City, Offline"                                            , 1.0
Subway Surfers                , this is a good game                                                                                                                                                                                                                                                                                                                                                                                                                                                                                                          , POSITIVE , Arcade       ,      4.5600967,  41935337, "Action, Platformer, Runner, Arcade, Single player, Stylized, Experiences, City, Offline"                                            , 1.0
Subway Surfers                , Avarage                                                                                                                                                                                                                                                                                                                                                                                                                                                                                                                      , NEGATIVE , Arcade       ,      4.5600967,  41935337, "Action, Platformer, Runner, Arcade, Single player, Stylized, Experiences, City, Offline"                                            , 0.997
Subway Surfers                , l love this game                                                                                                                                                                                                                                                                                                                                                                                                                                                                                                             , POSITIVE , Arcade       ,      4.5600967,  41935337, "Action, Platformer, Runner, Arcade, Single player, Stylized, Experiences, City, Offline"                                            , 1.0
Subway Surfers                , VERY NICE ONE 👌 👍 👏 😀 ☺️ 😊 👌 👍 👏 😀 ☺️ 😊                                                                                                                                                                                                                                                                                                                                                                                                                                                                              , POSITIVE , Arcade       ,      4.5600967,  41935337, "Action, Platformer, Runner, Arcade, Single player, Stylized, Experiences, City, Offline"                                            , 0.999
Subway Surfers                , superb                                                                                                                                                                                                                                                                                                                                                                                                                                                                                                                       , POSITIVE , Arcade       ,      4.5600967,  41935337, "Action, Platformer, Runner, Arcade, Single player, Stylized, Experiences, City, Offline"                                            , 1.0
Subway Surfers                , This is a very good game.love the updates and mystery one of my favourite game                                                                                                                                                                                                                                                                                                                                                                                                                                               , POSITIVE , Arcade       ,      4.5600967,  41935337, "Action, Platformer, Runner, Arcade, Single player, Stylized, Experiences, City, Offline"                                            , 1.0
Subway Surfers                , "Download and keep urself busy, this game is awesome"                                                                                                                                                                                                                                                                                                                                                                                                                                                                        , POSITIVE , Arcade       ,      4.5600967,  41935337, "Action, Platformer, Runner, Arcade, Single player, Stylized, Experiences, City, Offline"                                            , 1.0
Subway Surfers                , need more updates and New models                                                                                                                                                                                                                                                                                                                                                                                                                                                                                             , NEGATIVE , Arcade       ,      4.5600967,  41935337, "Action, Platformer, Runner, Arcade, Single player, Stylized, Experiences, City, Offline"                                            , 0.996
Subway Surfers                , "The game was proper before but then, randomly, the format of the entire game changed and it deleted my Osaka progress midway"                                                                                                                                                                                                                                                                                                                                                                                               , NEGATIVE , Arcade       ,      4.5600967,  41935337, "Action, Platformer, Runner, Arcade, Single player, Stylized, Experiences, City, Offline"                                            , 1.0
Subway Surfers                , nice game                                                                                                                                                                                                                                                                                                                                                                                                                                                                                                                    , POSITIVE , Arcade       ,      4.5600967,  41935337, "Action, Platformer, Runner, Arcade, Single player, Stylized, Experiences, City, Offline"                                            , 1.0
Subway Surfers                , please made the background with chocolate it is very good game but please do this. or else made the background with teen titans go                                                                                                                                                                                                                                                                                                                                                                                           , POSITIVE , Arcade       ,      4.5600967,  41935337, "Action, Platformer, Runner, Arcade, Single player, Stylized, Experiences, City, Offline"                                            , 0.999
Subway Surfers                , very smooth game                                                                                                                                                                                                                                                                                                                                                                                                                                                                                                             , POSITIVE , Arcade       ,      4.5600967,  41935337, "Action, Platformer, Runner, Arcade, Single player, Stylized, Experiences, City, Offline"                                            , 1.0
Subway Surfers                , Games is a Apps whose played children's only but this one is another they play Children's elders both because this have a wonderful graphics and play                                                                                                                                                                                                                                                                                                                                                                        , POSITIVE , Arcade       ,      4.5600967,  41935337, "Action, Platformer, Runner, Arcade, Single player, Stylized, Experiences, City, Offline"                                            , 0.999
Subway Surfers                , this is best game if you are free. I have best experience playing this please everyone download this                                                                                                                                                                                                                                                                                                                                                                                                                         , POSITIVE , Arcade       ,      4.5600967,  41935337, "Action, Platformer, Runner, Arcade, Single player, Stylized, Experiences, City, Offline"                                            , 0.998
Subway Surfers                , this game is so good and I really hope you like it                                                                                                                                                                                                                                                                                                                                                                                                                                                                           , POSITIVE , Arcade       ,      4.5600967,  41935337, "Action, Platformer, Runner, Arcade, Single player, Stylized, Experiences, City, Offline"                                            , 1.0
Subway Surfers                , 👍Fantastic 👏 First classic and💯% game which l have ever seen👏🧡👋                                                                                                                                                                                                                                                                                                                                                                                                                                                        , POSITIVE , Arcade       ,      4.5600967,  41935337, "Action, Platformer, Runner, Arcade, Single player, Stylized, Experiences, City, Offline"                                            , 0.995
Subway Surfers                , "its very amazing game I liked this game cause its ofline and can do some time pass , I am giving 100 percent guarantee there is no adds in between"                                                                                                                                                                                                                                                                                                                                                                         , POSITIVE , Arcade       ,      4.5600967,  41935337, "Action, Platformer, Runner, Arcade, Single player, Stylized, Experiences, City, Offline"                                            , 0.98
Subway Surfers                , Ilove this game so easy                                                                                                                                                                                                                                                                                                                                                                                                                                                                                                      , POSITIVE , Arcade       ,      4.5600967,  41935337, "Action, Platformer, Runner, Arcade, Single player, Stylized, Experiences, City, Offline"                                            , 0.987
Subway Surfers                , nice game                                                                                                                                                                                                                                                                                                                                                                                                                                                                                                                    , POSITIVE , Arcade       ,      4.5600967,  41935337, "Action, Platformer, Runner, Arcade, Single player, Stylized, Experiences, City, Offline"                                            , 1.0
Candy Crush Saga              , it's great                                                                                                                                                                                                                                                                                                                                                                                                                                                                                                                   , POSITIVE , Casual       ,      4.617767 ,  38676359, "Puzzle, Match 3, Casual, Single player, Stylized, Miscellaneous, Puzzles, Food, Candy, Offline"                                     , 1.0
Candy Crush Saga              , Fun                                                                                                                                                                                                                                                                                                                                                                                                                                                                                                                          , POSITIVE , Casual       ,      4.617767 ,  38676359, "Puzzle, Match 3, Casual, Single player, Stylized, Miscellaneous, Puzzles, Food, Candy, Offline"                                     , 1.0
Candy Crush Saga              , awesome good feel nice game                                                                                                                                                                                                                                                                                                                                                                                                                                                                                                  , POSITIVE , Casual       ,      4.617767 ,  38676359, "Puzzle, Match 3, Casual, Single player, Stylized, Miscellaneous, Puzzles, Food, Candy, Offline"                                     , 1.0
Candy Crush Saga              , Okk                                                                                                                                                                                                                                                                                                                                                                                                                                                                                                                          , POSITIVE , Casual       ,      4.617767 ,  38676359, "Puzzle, Match 3, Casual, Single player, Stylized, Miscellaneous, Puzzles, Food, Candy, Offline"                                     , 0.993
Candy Crush Saga              , this game is hard. I'm the best                                                                                                                                                                                                                                                                                                                                                                                                                                                                                              , POSITIVE , Casual       ,      4.617767 ,  38676359, "Puzzle, Match 3, Casual, Single player, Stylized, Miscellaneous, Puzzles, Food, Candy, Offline"                                     , 1.0
Candy Crush Saga              , very good recomend xxxx                                                                                                                                                                                                                                                                                                                                                                                                                                                                                                      , POSITIVE , Casual       ,      4.617767 ,  38676359, "Puzzle, Match 3, Casual, Single player, Stylized, Miscellaneous, Puzzles, Food, Candy, Offline"                                     , 1.0
Candy Crush Saga              , @u                                                                                                                                                                                                                                                                                                                                                                                                                                                                                                                           , POSITIVE , Casual       ,      4.617767 ,  38676359, "Puzzle, Match 3, Casual, Single player, Stylized, Miscellaneous, Puzzles, Food, Candy, Offline"                                     , 0.9520000000000001
Candy Crush Saga              , CANDY CRUSH SAGA                                                                                                                                                                                                                                                                                                                                                                                                                                                                                                             , NEGATIVE , Casual       ,      4.617767 ,  38676359, "Puzzle, Match 3, Casual, Single player, Stylized, Miscellaneous, Puzzles, Food, Candy, Offline"                                     , 0.964
Candy Crush Saga              , Love Candy Crush ? Then probably Swick's for you. Try Swick on Google play                                                                                                                                                                                                                                                                                                                                                                                                                                                   , NEGATIVE , Casual       ,      4.617767 ,  38676359, "Puzzle, Match 3, Casual, Single player, Stylized, Miscellaneous, Puzzles, Food, Candy, Offline"                                     , 0.975
Candy Crush Saga              , 🌻🌻                                                                                                                                                                                                                                                                                                                                                                                                                                                                                                                         , NEGATIVE , Casual       ,      4.617767 ,  38676359, "Puzzle, Match 3, Casual, Single player, Stylized, Miscellaneous, Puzzles, Food, Candy, Offline"                                     , 0.6970000000000001
Candy Crush Saga              , it's a good game for timepass there is no use of playing it just waste of time for the sake of Timepass you can play                                                                                                                                                                                                                                                                                                                                                                                                         , POSITIVE , Casual       ,      4.617767 ,  38676359, "Puzzle, Match 3, Casual, Single player, Stylized, Miscellaneous, Puzzles, Food, Candy, Offline"                                     , 0.99
Candy Crush Saga              , i hate this game                                                                                                                                                                                                                                                                                                                                                                                                                                                                                                             , NEGATIVE , Casual       ,      4.617767 ,  38676359, "Puzzle, Match 3, Casual, Single player, Stylized, Miscellaneous, Puzzles, Food, Candy, Offline"                                     , 1.0
Candy Crush Saga              , woww                                                                                                                                                                                                                                                                                                                                                                                                                                                                                                                         , POSITIVE , Casual       ,      4.617767 ,  38676359, "Puzzle, Match 3, Casual, Single player, Stylized, Miscellaneous, Puzzles, Food, Candy, Offline"                                     , 0.999
Candy Crush Saga              , Bad                                                                                                                                                                                                                                                                                                                                                                                                                                                                                                                          , NEGATIVE , Casual       ,      4.617767 ,  38676359, "Puzzle, Match 3, Casual, Single player, Stylized, Miscellaneous, Puzzles, Food, Candy, Offline"                                     , 1.0
Candy Crush Saga              , too good                                                                                                                                                                                                                                                                                                                                                                                                                                                                                                                     , POSITIVE , Casual       ,      4.617767 ,  38676359, "Puzzle, Match 3, Casual, Single player, Stylized, Miscellaneous, Puzzles, Food, Candy, Offline"                                     , 1.0
Candy Crush Saga              , super                                                                                                                                                                                                                                                                                                                                                                                                                                                                                                                        , POSITIVE , Casual       ,      4.617767 ,  38676359, "Puzzle, Match 3, Casual, Single player, Stylized, Miscellaneous, Puzzles, Food, Candy, Offline"                                     , 0.999
Candy Crush Saga              , super                                                                                                                                                                                                                                                                                                                                                                                                                                                                                                                        , POSITIVE , Casual       ,      4.617767 ,  38676359, "Puzzle, Match 3, Casual, Single player, Stylized, Miscellaneous, Puzzles, Food, Candy, Offline"                                     , 0.999
Candy Crush Saga              , mindful                                                                                                                                                                                                                                                                                                                                                                                                                                                                                                                      , POSITIVE , Casual       ,      4.617767 ,  38676359, "Puzzle, Match 3, Casual, Single player, Stylized, Miscellaneous, Puzzles, Food, Candy, Offline"                                     , 1.0
Candy Crush Saga              , pooting is a joy                                                                                                                                                                                                                                                                                                                                                                                                                                                                                                             , POSITIVE , Casual       ,      4.617767 ,  38676359, "Puzzle, Match 3, Casual, Single player, Stylized, Miscellaneous, Puzzles, Food, Candy, Offline"                                     , 1.0
Candy Crush Saga              , Fantasticly satisfying                                                                                                                                                                                                                                                                                                                                                                                                                                                                                                       , POSITIVE , Casual       ,      4.617767 ,  38676359, "Puzzle, Match 3, Casual, Single player, Stylized, Miscellaneous, Puzzles, Food, Candy, Offline"                                     , 1.0
Roblox                        , this game is so cool                                                                                                                                                                                                                                                                                                                                                                                                                                                                                                         , POSITIVE , Adventure    ,      4.459377 ,  43012684, "Simulation, Sandbox, Casual, Multiplayer, Cooperative multiplayer, Single player, Stylized, Crafting"                               , 1.0
Roblox                        , hello everyone why you black Roblox you need update then you see Blue                                                                                                                                                                                                                                                                                                                                                                                                                                                        , POSITIVE , Adventure    ,      4.459377 ,  43012684, "Simulation, Sandbox, Casual, Multiplayer, Cooperative multiplayer, Single player, Stylized, Crafting"                               , 0.96
Roblox                        , "i just love it, you can make friend play game make game you can do it everything, and is safe for kids."                                                                                                                                                                                                                                                                                                                                                                                                                    , POSITIVE , Adventure    ,      4.459377 ,  43012684, "Simulation, Sandbox, Casual, Multiplayer, Cooperative multiplayer, Single player, Stylized, Crafting"                               , 1.0
Roblox                        , "The game itself is good but the chat filter is quite annoying since it censors out unnecessary words like ""name"", hey hi or hello with multiple y i or o's, pointing at games like meepcity and such other games, but the most upsetting thing that completely annoys me is the ""rule breaking"" messages, its really unnecessary to be banned for a few days just for saying ""little gremlin"", ""ew"", ""your lvl is 727"" or even correcting someone's grammar, PLEASE update or fix the previous issue i mentioned.", NEGATIVE , Adventure    ,      4.459377 ,  43012684, "Simulation, Sandbox, Casual, Multiplayer, Cooperative multiplayer, Single player, Stylized, Crafting"                               , 0.999
Roblox                        , nice nice nice                                                                                                                                                                                                                                                                                                                                                                                                                                                                                                               , POSITIVE , Adventure    ,      4.459377 ,  43012684, "Simulation, Sandbox, Casual, Multiplayer, Cooperative multiplayer, Single player, Stylized, Crafting"                               , 1.0
Roblox                        , cool                                                                                                                                                                                                                                                                                                                                                                                                                                                                                                                         , POSITIVE , Adventure    ,      4.459377 ,  43012684, "Simulation, Sandbox, Casual, Multiplayer, Cooperative multiplayer, Single player, Stylized, Crafting"                               , 1.0
Roblox                        , It was very fun to play                                                                                                                                                                                                                                                                                                                                                                                                                                                                                                      , POSITIVE , Adventure    ,      4.459377 ,  43012684, "Simulation, Sandbox, Casual, Multiplayer, Cooperative multiplayer, Single player, Stylized, Crafting"                               , 1.0
Roblox                        , it's so 😁 😂 😀 😁 😂 😀 😁 😂 😀 😁 fun                                                                                                                                                                                                                                                                                                                                                                                                                                                                                    , POSITIVE , Adventure    ,      4.459377 ,  43012684, "Simulation, Sandbox, Casual, Multiplayer, Cooperative multiplayer, Single player, Stylized, Crafting"                               , 0.977
Roblox                        , it's just tooooooooooo gooooooooodd                                                                                                                                                                                                                                                                                                                                                                                                                                                                                          , NEGATIVE , Adventure    ,      4.459377 ,  43012684, "Simulation, Sandbox, Casual, Multiplayer, Cooperative multiplayer, Single player, Stylized, Crafting"                               , 0.993
Roblox                        , IN ROBLOX BLOX FRUIT IS THE MOST LIKED GAME AND BIG YOUTUBERS can PLAY THEM                                                                                                                                                                                                                                                                                                                                                                                                                                                  , POSITIVE , Adventure    ,      4.459377 ,  43012684, "Simulation, Sandbox, Casual, Multiplayer, Cooperative multiplayer, Single player, Stylized, Crafting"                               , 0.998
Roblox                        , I love it 💕                                                                                                                                                                                                                                                                                                                                                                                                                                                                                                                 , POSITIVE , Adventure    ,      4.459377 ,  43012684, "Simulation, Sandbox, Casual, Multiplayer, Cooperative multiplayer, Single player, Stylized, Crafting"                               , 1.0
Roblox                        , Every time i report they won't even get ban i tried 2 times earlier but i won't work                                                                                                                                                                                                                                                                                                                                                                                                                                         , NEGATIVE , Adventure    ,      4.459377 ,  43012684, "Simulation, Sandbox, Casual, Multiplayer, Cooperative multiplayer, Single player, Stylized, Crafting"                               , 0.999
Roblox                        , I love this game is a great game i never see I play many things!                                                                                                                                                                                                                                                                                                                                                                                                                                                             , POSITIVE , Adventure    ,      4.459377 ,  43012684, "Simulation, Sandbox, Casual, Multiplayer, Cooperative multiplayer, Single player, Stylized, Crafting"                               , 1.0
Roblox                        , very best game to play 😊😊                                                                                                                                                                                                                                                                                                                                                                                                                                                                                                  , POSITIVE , Adventure    ,      4.459377 ,  43012684, "Simulation, Sandbox, Casual, Multiplayer, Cooperative multiplayer, Single player, Stylized, Crafting"                               , 1.0
Roblox                        , I will recommend you to play the game..i think this is one of the best game of the entire world!!... Inside roblox you can find any type of game....there are many popular games inside roblox like brookhaven..bloxburg...meepcity and more more!!...you can play or earn money buy making games.....so try it please..!!..you can play with your friends....im playing roblox since 2020 and i can clearly recommend you to play this game..!!!!!                                                                          , POSITIVE , Adventure    ,      4.459377 ,  43012684, "Simulation, Sandbox, Casual, Multiplayer, Cooperative multiplayer, Single player, Stylized, Crafting"                               , 1.0
Roblox                        , I have like 76 friends in blox fruitp                                                                                                                                                                                                                                                                                                                                                                                                                                                                                        , POSITIVE , Adventure    ,      4.459377 ,  43012684, "Simulation, Sandbox, Casual, Multiplayer, Cooperative multiplayer, Single player, Stylized, Crafting"                               , 0.989
Roblox                        , "It was fun playing it but I HATE the bot problem and p2w games that only need a credit card to progress, example, pet sim 99 and pets go being gambling games and rng games. No playability and communication in the game which causes bots to farm and earn a lot of items which they sell for money, same with mm2, toilet tower defense and the biggest game on Roblox, Blox Fruits. Also, ban these casino games in more regions, example, Europe, North Africa and South America. Thank you!"                          , NEGATIVE , Adventure    ,      4.459377 ,  43012684, "Simulation, Sandbox, Casual, Multiplayer, Cooperative multiplayer, Single player, Stylized, Crafting"                               , 0.991
Roblox                        , i play this for 2hours                                                                                                                                                                                                                                                                                                                                                                                                                                                                                                       , NEGATIVE , Adventure    ,      4.459377 ,  43012684, "Simulation, Sandbox, Casual, Multiplayer, Cooperative multiplayer, Single player, Stylized, Crafting"                               , 0.671
Roblox                        , this app is so cool y love to play with my friends and familie                                                                                                                                                                                                                                                                                                                                                                                                                                                               , POSITIVE , Adventure    ,      4.459377 ,  43012684, "Simulation, Sandbox, Casual, Multiplayer, Cooperative multiplayer, Single player, Stylized, Crafting"                               , 1.0
Roblox                        , this is good game                                                                                                                                                                                                                                                                                                                                                                                                                                                                                                            , POSITIVE , Adventure    ,      4.459377 ,  43012684, "Simulation, Sandbox, Casual, Multiplayer, Cooperative multiplayer, Single player, Stylized, Crafting"                               , 1.0
Among Us                      , this is a very good game because it has imposters who have to convience others that they are not the imposters. They have lots of varites of crewmate and imposters                                                                                                                                                                                                                                                                                                                                                          , POSITIVE , Action       ,      3.8781695,  13467714, "Strategy, Asymmetrical battle arena, Multiplayer, Competitive multiplayer, Stylized, Assassin, Fantasy, Sci-fi fantasy"             , 0.999
Among Us                      , the new roles and in the hide-and-seek mode                                                                                                                                                                                                                                                                                                                                                                                                                                                                                  , NEGATIVE , Action       ,      3.8781695,  13467714, "Strategy, Asymmetrical battle arena, Multiplayer, Competitive multiplayer, Stylized, Assassin, Fantasy, Sci-fi fantasy"             , 0.922
Among Us                      , "playing for 6 years, why does the screen go black sometimes when starting a gamw"                                                                                                                                                                                                                                                                                                                                                                                                                                           , NEGATIVE , Action       ,      3.8781695,  13467714, "Strategy, Asymmetrical battle arena, Multiplayer, Competitive multiplayer, Stylized, Assassin, Fantasy, Sci-fi fantasy"             , 0.999
Among Us                      , It was so fetraizeler C02 gas ⛽ and me and I have been player is not working in the same time and it is a good 👍 and I am going through a lot ☺️ I 🙏 to do the Mahoraga and I have been player is required and handle when we are you will get back                                                                                                                                                                                                                                                                         , NEGATIVE , Action       ,      3.8781695,  13467714, "Strategy, Asymmetrical battle arena, Multiplayer, Competitive multiplayer, Stylized, Assassin, Fantasy, Sci-fi fantasy"             , 0.969
Among Us                      , 𝚜𝚘 𝚏𝚞𝚗 𝚝𝚘 𝚙𝚕𝚊𝚢 . 𝙸 𝚜𝚘𝚖𝚎𝚝𝚒𝚖𝚎𝚜 𝚙𝚕𝚊𝚢 𝚒𝚝 𝚠𝚒𝚝𝚑 𝚖𝚢 𝚋𝚛𝚘𝚝𝚑𝚎𝚛 𝚊𝚗𝚍 𝚑𝚒𝚜 𝚏𝚛𝚒𝚎𝚗𝚍𝚜 𝙸 𝚕𝚘𝚟𝚎 𝚑𝚒𝚍𝚎 𝚗 𝚜𝚎𝚎𝚔 𝚘𝚗 𝚒𝚝                                                                                                                                                                                                                                                                                                                                                         , NEGATIVE , Action       ,      3.8781695,  13467714, "Strategy, Asymmetrical battle arena, Multiplayer, Competitive multiplayer, Stylized, Assassin, Fantasy, Sci-fi fantasy"             , 0.963
Among Us                      , "it's a very cool game, please add a terrorist role, they get a role to kill at the start of the game except for normal crewmates, they may get to kill an impostor, engineer, scientist or any other role, they should kill one of them in the game, they stick a bomb to someone and the person who gets a bomb stuck to them get a 3 seconds mini game, if they don't defuse the bomb they will explode and everyone will notice with a screen shake, if terrorist kills someone they win,there's 50%chance for it"       , POSITIVE , Action       ,      3.8781695,  13467714, "Strategy, Asymmetrical battle arena, Multiplayer, Competitive multiplayer, Stylized, Assassin, Fantasy, Sci-fi fantasy"             , 0.968
Among Us                      , it's a good game                                                                                                                                                                                                                                                                                                                                                                                                                                                                                                             , POSITIVE , Action       ,      3.8781695,  13467714, "Strategy, Asymmetrical battle arena, Multiplayer, Competitive multiplayer, Stylized, Assassin, Fantasy, Sci-fi fantasy"             , 1.0
Among Us                      , Honestly I like how the animation and a graphic game that has but I wish they would have a microphone so that it's easier to speak then chat who's the imposter.                                                                                                                                                                                                                                                                                                                                                             , NEGATIVE , Action       ,      3.8781695,  13467714, "Strategy, Asymmetrical battle arena, Multiplayer, Competitive multiplayer, Stylized, Assassin, Fantasy, Sci-fi fantasy"             , 0.991
Among Us                      , this game is good but I everytime find hackers in game and there is very chance of being imposters I want to tell you that you would find hackers 60%of the times you this game.                                                                                                                                                                                                                                                                                                                                             , NEGATIVE , Action       ,      3.8781695,  13467714, "Strategy, Asymmetrical battle arena, Multiplayer, Competitive multiplayer, Stylized, Assassin, Fantasy, Sci-fi fantasy"             , 0.961
Among Us                      , if u solve the black screen glitch i will put 5 star rate                                                                                                                                                                                                                                                                                                                                                                                                                                                                    , NEGATIVE , Action       ,      3.8781695,  13467714, "Strategy, Asymmetrical battle arena, Multiplayer, Competitive multiplayer, Stylized, Assassin, Fantasy, Sci-fi fantasy"             , 0.996
Among Us                      , best game just the data is more used                                                                                                                                                                                                                                                                                                                                                                                                                                                                                         , NEGATIVE , Action       ,      3.8781695,  13467714, "Strategy, Asymmetrical battle arena, Multiplayer, Competitive multiplayer, Stylized, Assassin, Fantasy, Sci-fi fantasy"             , 0.991
Among Us                      , it's so cool I love it so much it doesn't have ads and it's so easy to make so many beans❤                                                                                                                                                                                                                                                                                                                                                                                                                                   , POSITIVE , Action       ,      3.8781695,  13467714, "Strategy, Asymmetrical battle arena, Multiplayer, Competitive multiplayer, Stylized, Assassin, Fantasy, Sci-fi fantasy"             , 1.0
Among Us                      , "overall really fun! i haven't played in a year or 2 so I'm coming back, the new roles sound so cool although they are kinda confusing lol. I dislike the mushroom map though, it's really confusing and disorganised EDIT: Yeah, I've tried the new roles, they r fun!! i still dont like the mushroom map but thats ok!!!! still 10/10. ⭐⭐⭐⭐⭐"                                                                                                                                                                             , POSITIVE , Action       ,      3.8781695,  13467714, "Strategy, Asymmetrical battle arena, Multiplayer, Competitive multiplayer, Stylized, Assassin, Fantasy, Sci-fi fantasy"             , 0.999
Among Us                      , wow                                                                                                                                                                                                                                                                                                                                                                                                                                                                                                                          , POSITIVE , Action       ,      3.8781695,  13467714, "Strategy, Asymmetrical battle arena, Multiplayer, Competitive multiplayer, Stylized, Assassin, Fantasy, Sci-fi fantasy"             , 1.0
Among Us                      , "so good play for mobile ,pc and laptop"                                                                                                                                                                                                                                                                                                                                                                                                                                                                                     , POSITIVE , Action       ,      3.8781695,  13467714, "Strategy, Asymmetrical battle arena, Multiplayer, Competitive multiplayer, Stylized, Assassin, Fantasy, Sci-fi fantasy"             , 1.0
Among Us                      , Really fun game to play with my friends and the chat functionality is dope.                                                                                                                                                                                                                                                                                                                                                                                                                                                  , POSITIVE , Action       ,      3.8781695,  13467714, "Strategy, Asymmetrical battle arena, Multiplayer, Competitive multiplayer, Stylized, Assassin, Fantasy, Sci-fi fantasy"             , 1.0
Among Us                      , Great game but there are sum bugs that needs to be fixed : 1st= Brown screen after someone leaves. Hopefully u fix it.                                                                                                                                                                                                                                                                                                                                                                                                       , NEGATIVE , Action       ,      3.8781695,  13467714, "Strategy, Asymmetrical battle arena, Multiplayer, Competitive multiplayer, Stylized, Assassin, Fantasy, Sci-fi fantasy"             , 0.999
Among Us                      , I LOVE THAT GAME FOREVER                                                                                                                                                                                                                                                                                                                                                                                                                                                                                                     , POSITIVE , Action       ,      3.8781695,  13467714, "Strategy, Asymmetrical battle arena, Multiplayer, Competitive multiplayer, Stylized, Assassin, Fantasy, Sci-fi fantasy"             , 1.0
Among Us                      , "Despite the game being awesome, i found a issue.. its these hackers. like they teleport to random places with Literial crewmates there and kill them thinkin their sneaky 😑. like bro your ruining the fun and literially exposing yourself as an impostor. like man WE CAN SEE YOU. And if you accuse them they can sometimes KILL YOU WHILE YOUR VOTING. Like i know you can move and all but that is just savage as hell. but i think its normal to see this, im a beginner so i think its normal. but still 4"         , NEGATIVE , Action       ,      3.8781695,  13467714, "Strategy, Asymmetrical battle arena, Multiplayer, Competitive multiplayer, Stylized, Assassin, Fantasy, Sci-fi fantasy"             , 0.996
Among Us                      , this is very interesting game👌👌👌                                                                                                                                                                                                                                                                                                                                                                                                                                                                                          , POSITIVE , Action       ,      3.8781695,  13467714, "Strategy, Asymmetrical battle arena, Multiplayer, Competitive multiplayer, Stylized, Assassin, Fantasy, Sci-fi fantasy"             , 1.0
Clash of Clans                , 😲😲😲                                                                                                                                                                                                                                                                                                                                                                                                                                                                                                                       , NEGATIVE , Strategy     ,      4.4893103,  61715361, "Strategy, Build & battle, Casual, Single player, Multiplayer, Stylized, Cartoon, Civilization, Evolution, Fantasy, Urban fantasy"   , 0.6970000000000001
Clash of Clans                , cool                                                                                                                                                                                                                                                                                                                                                                                                                                                                                                                         , POSITIVE , Strategy     ,      4.4893103,  61715361, "Strategy, Build & battle, Casual, Single player, Multiplayer, Stylized, Cartoon, Civilization, Evolution, Fantasy, Urban fantasy"   , 1.0
Clash of Clans                , Old is gold                                                                                                                                                                                                                                                                                                                                                                                                                                                                                                                  , NEGATIVE , Strategy     ,      4.4893103,  61715361, "Strategy, Build & battle, Casual, Single player, Multiplayer, Stylized, Cartoon, Civilization, Evolution, Fantasy, Urban fantasy"   , 0.929
Clash of Clans                , Loved it                                                                                                                                                                                                                                                                                                                                                                                                                                                                                                                     , POSITIVE , Strategy     ,      4.4893103,  61715361, "Strategy, Build & battle, Casual, Single player, Multiplayer, Stylized, Cartoon, Civilization, Evolution, Fantasy, Urban fantasy"   , 1.0
Clash of Clans                , the game is so nice and good updates                                                                                                                                                                                                                                                                                                                                                                                                                                                                                         , POSITIVE , Strategy     ,      4.4893103,  61715361, "Strategy, Build & battle, Casual, Single player, Multiplayer, Stylized, Cartoon, Civilization, Evolution, Fantasy, Urban fantasy"   , 1.0
Clash of Clans                , whooo                                                                                                                                                                                                                                                                                                                                                                                                                                                                                                                        , POSITIVE , Strategy     ,      4.4893103,  61715361, "Strategy, Build & battle, Casual, Single player, Multiplayer, Stylized, Cartoon, Civilization, Evolution, Fantasy, Urban fantasy"   , 0.735
Clash of Clans                , very good                                                                                                                                                                                                                                                                                                                                                                                                                                                                                                                    , POSITIVE , Strategy     ,      4.4893103,  61715361, "Strategy, Build & battle, Casual, Single player, Multiplayer, Stylized, Cartoon, Civilization, Evolution, Fantasy, Urban fantasy"   , 1.0
Clash of Clans                , this game is so good 👍 I like it not that much pay to play and the events and collabs are fantastic 😀and updates are so much better I play this game everytime                                                                                                                                                                                                                                                                                                                                                             , POSITIVE , Strategy     ,      4.4893103,  61715361, "Strategy, Build & battle, Casual, Single player, Multiplayer, Stylized, Cartoon, Civilization, Evolution, Fantasy, Urban fantasy"   , 0.993
Clash of Clans                , very good game with cool graphics and fun gameplay                                                                                                                                                                                                                                                                                                                                                                                                                                                                           , POSITIVE , Strategy     ,      4.4893103,  61715361, "Strategy, Build & battle, Casual, Single player, Multiplayer, Stylized, Cartoon, Civilization, Evolution, Fantasy, Urban fantasy"   , 1.0
Clash of Clans                , Zōr ōyin ōzlaringni imperiyalaringni 🪙👑 qurishlaringiz mumkin zerikmaysilar ayniqsa silarga hujum qilishganda✅                                                                                                                                                                                                                                                                                                                                                                                                             , NEGATIVE , Strategy     ,      4.4893103,  61715361, "Strategy, Build & battle, Casual, Single player, Multiplayer, Stylized, Cartoon, Civilization, Evolution, Fantasy, Urban fantasy"   , 0.974
Clash of Clans                , "Solid Game. Have been playing on and off since 2016. Kinda amazing how it held on the top for 13+ years. Honestly deserves 5 stars- except for the fact that day by day its becoming a nightmare for f2p players- Although the og players have grown up to spend money on games, the game has become advantaged to paying players. While skins and such is completely fine- locking a lot of advantage behind a paywall will cost in the near future. Please make the game more accessible for us,and fair as well"         , POSITIVE , Strategy     ,      4.4893103,  61715361, "Strategy, Build & battle, Casual, Single player, Multiplayer, Stylized, Cartoon, Civilization, Evolution, Fantasy, Urban fantasy"   , 0.996
Clash of Clans                , good game                                                                                                                                                                                                                                                                                                                                                                                                                                                                                                                    , POSITIVE , Strategy     ,      4.4893103,  61715361, "Strategy, Build & battle, Casual, Single player, Multiplayer, Stylized, Cartoon, Civilization, Evolution, Fantasy, Urban fantasy"   , 1.0
Clash of Clans                , very nice game                                                                                                                                                                                                                                                                                                                                                                                                                                                                                                               , POSITIVE , Strategy     ,      4.4893103,  61715361, "Strategy, Build & battle, Casual, Single player, Multiplayer, Stylized, Cartoon, Civilization, Evolution, Fantasy, Urban fantasy"   , 1.0
Clash of Clans                , Very perfect game                                                                                                                                                                                                                                                                                                                                                                                                                                                                                                            , POSITIVE , Strategy     ,      4.4893103,  61715361, "Strategy, Build & battle, Casual, Single player, Multiplayer, Stylized, Cartoon, Civilization, Evolution, Fantasy, Urban fantasy"   , 1.0
Clash of Clans                , COC game is very nice anda intelligent game new update is epic i like it. thank you                                                                                                                                                                                                                                                                                                                                                                                                                                          , POSITIVE , Strategy     ,      4.4893103,  61715361, "Strategy, Build & battle, Casual, Single player, Multiplayer, Stylized, Cartoon, Civilization, Evolution, Fantasy, Urban fantasy"   , 1.0
Clash of Clans                , nice 👍🏻                                                                                                                                                                                                                                                                                                                                                                                                                                                                                                                    , POSITIVE , Strategy     ,      4.4893103,  61715361, "Strategy, Build & battle, Casual, Single player, Multiplayer, Stylized, Cartoon, Civilization, Evolution, Fantasy, Urban fantasy"   , 1.0
Clash of Clans                , good                                                                                                                                                                                                                                                                                                                                                                                                                                                                                                                         , POSITIVE , Strategy     ,      4.4893103,  61715361, "Strategy, Build & battle, Casual, Single player, Multiplayer, Stylized, Cartoon, Civilization, Evolution, Fantasy, Urban fantasy"   , 1.0
Clash of Clans                , nothing more needs to be said Absolute Peak                                                                                                                                                                                                                                                                                                                                                                                                                                                                                  , NEGATIVE , Strategy     ,      4.4893103,  61715361, "Strategy, Build & battle, Casual, Single player, Multiplayer, Stylized, Cartoon, Civilization, Evolution, Fantasy, Urban fantasy"   , 0.9530000000000001
Clash of Clans                , good                                                                                                                                                                                                                                                                                                                                                                                                                                                                                                                         , POSITIVE , Strategy     ,      4.4893103,  61715361, "Strategy, Build & battle, Casual, Single player, Multiplayer, Stylized, Cartoon, Civilization, Evolution, Fantasy, Urban fantasy"   , 1.0
Clash of Clans                , Very fun                                                                                                                                                                                                                                                                                                                                                                                                                                                                                                                     , POSITIVE , Strategy     ,      4.4893103,  61715361, "Strategy, Build & battle, Casual, Single player, Multiplayer, Stylized, Cartoon, Civilization, Evolution, Fantasy, Urban fantasy"   , 1.0
Free Fire                     , 🤤                                                                                                                                                                                                                                                                                                                                                                                                                                                                                                                           , NEGATIVE , Action       ,      4.2179165, 123823355, "Action, Shooter, Tactical shooter, Multiplayer, Competitive multiplayer, Stylized, Battling, Weapons, Gun"                          , 0.6970000000000001
Free Fire                     , been playing this game for 4 year Best game everr                                                                                                                                                                                                                                                                                                                                                                                                                                                                            , POSITIVE , Action       ,      4.2179165, 123823355, "Action, Shooter, Tactical shooter, Multiplayer, Competitive multiplayer, Stylized, Battling, Weapons, Gun"                          , 0.999
Free Fire                     , best game forever                                                                                                                                                                                                                                                                                                                                                                                                                                                                                                            , POSITIVE , Action       ,      4.2179165, 123823355, "Action, Shooter, Tactical shooter, Multiplayer, Competitive multiplayer, Stylized, Battling, Weapons, Gun"                          , 1.0
Free Fire                     , game king                                                                                                                                                                                                                                                                                                                                                                                                                                                                                                                    , POSITIVE , Action       ,      4.2179165, 123823355, "Action, Shooter, Tactical shooter, Multiplayer, Competitive multiplayer, Stylized, Battling, Weapons, Gun"                          , 0.997
Free Fire                     , love you free fire                                                                                                                                                                                                                                                                                                                                                                                                                                                                                                           , POSITIVE , Action       ,      4.2179165, 123823355, "Action, Shooter, Tactical shooter, Multiplayer, Competitive multiplayer, Stylized, Battling, Weapons, Gun"                          , 1.0
Free Fire                     , 😘😘                                                                                                                                                                                                                                                                                                                                                                                                                                                                                                                         , NEGATIVE , Action       ,      4.2179165, 123823355, "Action, Shooter, Tactical shooter, Multiplayer, Competitive multiplayer, Stylized, Battling, Weapons, Gun"                          , 0.6970000000000001
Free Fire                     , pq si y si tienen un problema PvP mancos                                                                                                                                                                                                                                                                                                                                                                                                                                                                                     , NEGATIVE , Action       ,      4.2179165, 123823355, "Action, Shooter, Tactical shooter, Multiplayer, Competitive multiplayer, Stylized, Battling, Weapons, Gun"                          , 0.899
Free Fire                     , boss                                                                                                                                                                                                                                                                                                                                                                                                                                                                                                                         , POSITIVE , Action       ,      4.2179165, 123823355, "Action, Shooter, Tactical shooter, Multiplayer, Competitive multiplayer, Stylized, Battling, Weapons, Gun"                          , 0.9520000000000001
Free Fire                     , good very nice                                                                                                                                                                                                                                                                                                                                                                                                                                                                                                               , POSITIVE , Action       ,      4.2179165, 123823355, "Action, Shooter, Tactical shooter, Multiplayer, Competitive multiplayer, Stylized, Battling, Weapons, Gun"                          , 1.0
Free Fire                     , it is best game because of it graphics                                                                                                                                                                                                                                                                                                                                                                                                                                                                                       , POSITIVE , Action       ,      4.2179165, 123823355, "Action, Shooter, Tactical shooter, Multiplayer, Competitive multiplayer, Stylized, Battling, Weapons, Gun"                          , 1.0
Free Fire                     , please fix network problem for me.                                                                                                                                                                                                                                                                                                                                                                                                                                                                                           , NEGATIVE , Action       ,      4.2179165, 123823355, "Action, Shooter, Tactical shooter, Multiplayer, Competitive multiplayer, Stylized, Battling, Weapons, Gun"                          , 0.998
Free Fire                     , Great game                                                                                                                                                                                                                                                                                                                                                                                                                                                                                                                   , POSITIVE , Action       ,      4.2179165, 123823355, "Action, Shooter, Tactical shooter, Multiplayer, Competitive multiplayer, Stylized, Battling, Weapons, Gun"                          , 1.0
Free Fire                     , i really love to play this game and play with friends smooth to play and doesn't lag but there is one problem sometimes it decreases my honor score by 3 or 4 times and that make me really angry if they can fix this please                                                                                                                                                                                                                                                                                                , NEGATIVE , Action       ,      4.2179165, 123823355, "Action, Shooter, Tactical shooter, Multiplayer, Competitive multiplayer, Stylized, Battling, Weapons, Gun"                          , 0.996
Free Fire                     , 😄😄😄                                                                                                                                                                                                                                                                                                                                                                                                                                                                                                                       , NEGATIVE , Action       ,      4.2179165, 123823355, "Action, Shooter, Tactical shooter, Multiplayer, Competitive multiplayer, Stylized, Battling, Weapons, Gun"                          , 0.6970000000000001
Free Fire                     , "Now,I can't play game with my GP sim card..."                                                                                                                                                                                                                                                                                                                                                                                                                                                                               , NEGATIVE , Action       ,      4.2179165, 123823355, "Action, Shooter, Tactical shooter, Multiplayer, Competitive multiplayer, Stylized, Battling, Weapons, Gun"                          , 0.997
Free Fire                     , the best game                                                                                                                                                                                                                                                                                                                                                                                                                                                                                                                , POSITIVE , Action       ,      4.2179165, 123823355, "Action, Shooter, Tactical shooter, Multiplayer, Competitive multiplayer, Stylized, Battling, Weapons, Gun"                          , 1.0
Free Fire                     , Nice game                                                                                                                                                                                                                                                                                                                                                                                                                                                                                                                    , POSITIVE , Action       ,      4.2179165, 123823355, "Action, Shooter, Tactical shooter, Multiplayer, Competitive multiplayer, Stylized, Battling, Weapons, Gun"                          , 1.0
Free Fire                     , My fvr 🎮 game 🎯.. and I playing this game of 5 years.. and this game is our emotions. this sentence just understand old player you know old player our ald peak.. in many items remove from the game. but peak and our many item is our emotions 🙏🏻 come back this..                                                                                                                                                                                                                                                     , NEGATIVE , Action       ,      4.2179165, 123823355, "Action, Shooter, Tactical shooter, Multiplayer, Competitive multiplayer, Stylized, Battling, Weapons, Gun"                          , 0.992
Free Fire                     , i like                                                                                                                                                                                                                                                                                                                                                                                                                                                                                                                       , POSITIVE , Action       ,      4.2179165, 123823355, "Action, Shooter, Tactical shooter, Multiplayer, Competitive multiplayer, Stylized, Battling, Weapons, Gun"                          , 1.0
Free Fire                     , amazing 😍😍😍                                                                                                                                                                                                                                                                                                                                                                                                                                                                                                               , POSITIVE , Action       ,      4.2179165, 123823355, "Action, Shooter, Tactical shooter, Multiplayer, Competitive multiplayer, Stylized, Battling, Weapons, Gun"                          , 1.0
Mob Control                   , Bad captain kaboom but I choose bumblebee                                                                                                                                                                                                                                                                                                                                                                                                                                                                                    , NEGATIVE , Arcade       ,      4.164486 ,    683237, "Action, Casual, Hypercasual, Single player, Abstract, Stickman, Offline"                                                            , 0.996
Mob Control                   , absolute garbage                                                                                                                                                                                                                                                                                                                                                                                                                                                                                                             , NEGATIVE , Arcade       ,      4.164486 ,    683237, "Action, Casual, Hypercasual, Single player, Abstract, Stickman, Offline"                                                            , 1.0
Mob Control                   , full and full ad is problems not like this game                                                                                                                                                                                                                                                                                                                                                                                                                                                                              , NEGATIVE , Arcade       ,      4.164486 ,    683237, "Action, Casual, Hypercasual, Single player, Abstract, Stickman, Offline"                                                            , 0.996
Mob Control                   , "This rubbish game starts to hang on level 2 onwards on any phone, let it be 12gb or 16gb."                                                                                                                                                                                                                                                                                                                                                                                                                                  , NEGATIVE , Arcade       ,      4.164486 ,    683237, "Action, Casual, Hypercasual, Single player, Abstract, Stickman, Offline"                                                            , 0.999
Mob Control                   , Syok aa layan...                                                                                                                                                                                                                                                                                                                                                                                                                                                                                                             , POSITIVE , Arcade       ,      4.164486 ,    683237, "Action, Casual, Hypercasual, Single player, Abstract, Stickman, Offline"                                                            , 0.962
Mob Control                   , ❤️😍                                                                                                                                                                                                                                                                                                                                                                                                                                                                                                                          , NEGATIVE , Arcade       ,      4.164486 ,    683237, "Action, Casual, Hypercasual, Single player, Abstract, Stickman, Offline"                                                            , 0.6970000000000001
Mob Control                   , good                                                                                                                                                                                                                                                                                                                                                                                                                                                                                                                         , POSITIVE , Arcade       ,      4.164486 ,    683237, "Action, Casual, Hypercasual, Single player, Abstract, Stickman, Offline"                                                            , 1.0
Mob Control                   , nice game                                                                                                                                                                                                                                                                                                                                                                                                                                                                                                                    , POSITIVE , Arcade       ,      4.164486 ,    683237, "Action, Casual, Hypercasual, Single player, Abstract, Stickman, Offline"                                                            , 1.0
Mob Control                   , "The ad was so bad, I wasn't able to get rewards."                                                                                                                                                                                                                                                                                                                                                                                                                                                                           , NEGATIVE , Arcade       ,      4.164486 ,    683237, "Action, Casual, Hypercasual, Single player, Abstract, Stickman, Offline"                                                            , 1.0
Mob Control                   , "hang after the attacks,it happens every time with me ."                                                                                                                                                                                                                                                                                                                                                                                                                                                                     , POSITIVE , Arcade       ,      4.164486 ,    683237, "Action, Casual, Hypercasual, Single player, Abstract, Stickman, Offline"                                                            , 0.5
Mob Control                   , nad krti kay🤞🏻😎🤞🏻🤞🏻😎😎                                                                                                                                                                                                                                                                                                                                                                                                                                                                                               , NEGATIVE , Arcade       ,      4.164486 ,    683237, "Action, Casual, Hypercasual, Single player, Abstract, Stickman, Offline"                                                            , 0.92
Mob Control                   , Ad is ad this game very long time ad                                                                                                                                                                                                                                                                                                                                                                                                                                                                                         , NEGATIVE , Arcade       ,      4.164486 ,    683237, "Action, Casual, Hypercasual, Single player, Abstract, Stickman, Offline"                                                            , 0.995
Mob Control                   , "This game is so. addictive, love love it"                                                                                                                                                                                                                                                                                                                                                                                                                                                                                   , POSITIVE , Arcade       ,      4.164486 ,    683237, "Action, Casual, Hypercasual, Single player, Abstract, Stickman, Offline"                                                            , 1.0
Mob Control                   , this game is good but I'm always stuck in video advertisements and can't return....every time I restart the game and also update the game but problem is counted...                                                                                                                                                                                                                                                                                                                                                          , NEGATIVE , Arcade       ,      4.164486 ,    683237, "Action, Casual, Hypercasual, Single player, Abstract, Stickman, Offline"                                                            , 0.996
Mob Control                   , I want to aninstal the game because there is more ads                                                                                                                                                                                                                                                                                                                                                                                                                                                                        , NEGATIVE , Arcade       ,      4.164486 ,    683237, "Action, Casual, Hypercasual, Single player, Abstract, Stickman, Offline"                                                            , 0.999
Mob Control                   , "Fun, challenging, and innovative. Give it a try."                                                                                                                                                                                                                                                                                                                                                                                                                                                                           , POSITIVE , Arcade       ,      4.164486 ,    683237, "Action, Casual, Hypercasual, Single player, Abstract, Stickman, Offline"                                                            , 1.0
Mob Control                   , nice                                                                                                                                                                                                                                                                                                                                                                                                                                                                                                                         , POSITIVE , Arcade       ,      4.164486 ,    683237, "Action, Casual, Hypercasual, Single player, Abstract, Stickman, Offline"                                                            , 1.0
Mob Control                   , Fun game and is sometimes worth rage quitting.                                                                                                                                                                                                                                                                                                                                                                                                                                                                               , POSITIVE , Arcade       ,      4.164486 ,    683237, "Action, Casual, Hypercasual, Single player, Abstract, Stickman, Offline"                                                            , 0.998
Mob Control                   , very good 👍                                                                                                                                                                                                                                                                                                                                                                                                                                                                                                                 , POSITIVE , Arcade       ,      4.164486 ,    683237, "Action, Casual, Hypercasual, Single player, Abstract, Stickman, Offline"                                                            , 1.0
Mob Control                   , "I truly love this game. One of my daily plays... but recently, the cost of revenge/counterattack absolutely skyrocketed. Revenge now costs 291k, and counterattack costs 485k... Either I had a lot more gold than I thought I did up until recently and this creeped up on me, or something changed pretty drastically. update: yeah there's definitely some kind of bug here... now my gold is showing as negative..."                                                                                                    , NEGATIVE , Arcade       ,      4.164486 ,    683237, "Action, Casual, Hypercasual, Single player, Abstract, Stickman, Offline"                                                            , 0.997
Angry Birds 2                 , it's pretty fun                                                                                                                                                                                                                                                                                                                                                                                                                                                                                                              , POSITIVE , Casual       ,      4.1872644,   6261867, "Puzzle, Physics, Casual, Single player, Stylized, Animals, Bird, Funny"                                                             , 1.0
Angry Birds 2                 , ok so this is a fire 🔥🔥 game but I want to know that ur 2nd best game angry birds epic is it available on Bangladesh India and other countries pls make it available for Bangladesh county and also if we try to download apk version of angry birds epic it says loading expansion file and it never loads so pls make angry birds epic available in Bangladesh it'll be great for all of us pls.                                                                                                                         , POSITIVE , Casual       ,      4.1872644,   6261867, "Puzzle, Physics, Casual, Single player, Stylized, Animals, Bird, Funny"                                                             , 0.995
Angry Birds 2                 , I love it                                                                                                                                                                                                                                                                                                                                                                                                                                                                                                                    , POSITIVE , Casual       ,      4.1872644,   6261867, "Puzzle, Physics, Casual, Single player, Stylized, Animals, Bird, Funny"                                                             , 1.0
Angry Birds 2                 , fun game to play. very addictive lol                                                                                                                                                                                                                                                                                                                                                                                                                                                                                         , POSITIVE , Casual       ,      4.1872644,   6261867, "Puzzle, Physics, Casual, Single player, Stylized, Animals, Bird, Funny"                                                             , 1.0
Angry Birds 2                 , "I've been playing for years and obviously enjoyed it, but now it became impossible to pass some levels without spending, so I stopped playing. I did spend in the game, don't get me wrong, but I like to choose what to spend on."                                                                                                                                                                                                                                                                                         , POSITIVE , Casual       ,      4.1872644,   6261867, "Puzzle, Physics, Casual, Single player, Stylized, Animals, Bird, Funny"                                                             , 0.994
Angry Birds 2                 , this game is good I've played it since I was young                                                                                                                                                                                                                                                                                                                                                                                                                                                                           , POSITIVE , Casual       ,      4.1872644,   6261867, "Puzzle, Physics, Casual, Single player, Stylized, Animals, Bird, Funny"                                                             , 1.0
Angry Birds 2                 , this is the best game ever no complaints I hope this helps😁                                                                                                                                                                                                                                                                                                                                                                                                                                                                 , POSITIVE , Casual       ,      4.1872644,   6261867, "Puzzle, Physics, Casual, Single player, Stylized, Animals, Bird, Funny"                                                             , 1.0
Angry Birds 2                 , "Nothing like the original games. This game along with the newer AB games are a massive disrespect towards the original games and players. You brought down the original games just because people weren't playing your new trash games that are full of pay walls and micro transactions, and I'll never forgive you for that. I hope your greed was worth destroying a beloved franchise that defined many of our childhoods."                                                                                             , NEGATIVE , Casual       ,      4.1872644,   6261867, "Puzzle, Physics, Casual, Single player, Stylized, Animals, Bird, Funny"                                                             , 0.998
Angry Birds 2                 , "Among the best game remake I've seen. Brings back some great nostalgia while adding new mechanics. I do wish it was a bit easier to get hats. Yet, amazing work from the devs!"                                                                                                                                                                                                                                                                                                                                             , POSITIVE , Casual       ,      4.1872644,   6261867, "Puzzle, Physics, Casual, Single player, Stylized, Animals, Bird, Funny"                                                             , 1.0
Angry Birds 2                 , "great game... but the only problem is that when playing tournaments, it can suddenly freeze before the next match, and all progress is lost... very frustrating 😕"                                                                                                                                                                                                                                                                                                                                                         , NEGATIVE , Casual       ,      4.1872644,   6261867, "Puzzle, Physics, Casual, Single player, Stylized, Animals, Bird, Funny"                                                             , 1.0
Angry Birds 2                 , Too many hat events.                                                                                                                                                                                                                                                                                                                                                                                                                                                                                                         , NEGATIVE , Casual       ,      4.1872644,   6261867, "Puzzle, Physics, Casual, Single player, Stylized, Animals, Bird, Funny"                                                             , 0.999
Angry Birds 2                 , love this game. but it freezes a lot.                                                                                                                                                                                                                                                                                                                                                                                                                                                                                        , NEGATIVE , Casual       ,      4.1872644,   6261867, "Puzzle, Physics, Casual, Single player, Stylized, Animals, Bird, Funny"                                                             , 0.936
Angry Birds 2                 , Won't load                                                                                                                                                                                                                                                                                                                                                                                                                                                                                                                   , NEGATIVE , Casual       ,      4.1872644,   6261867, "Puzzle, Physics, Casual, Single player, Stylized, Animals, Bird, Funny"                                                             , 0.894
Angry Birds 2                 , I love it. Relaxing and destructive at the same time.                                                                                                                                                                                                                                                                                                                                                                                                                                                                        , POSITIVE , Casual       ,      4.1872644,   6261867, "Puzzle, Physics, Casual, Single player, Stylized, Animals, Bird, Funny"                                                             , 1.0
Angry Birds 2                 , try making a star trek one and a power rangers one to                                                                                                                                                                                                                                                                                                                                                                                                                                                                        , NEGATIVE , Casual       ,      4.1872644,   6261867, "Puzzle, Physics, Casual, Single player, Stylized, Animals, Bird, Funny"                                                             , 0.989
Angry Birds 2                 , it is a great game. way better than the other ones                                                                                                                                                                                                                                                                                                                                                                                                                                                                           , POSITIVE , Casual       ,      4.1872644,   6261867, "Puzzle, Physics, Casual, Single player, Stylized, Animals, Bird, Funny"                                                             , 1.0
Angry Birds 2                 , Very bad 😔 they just got u a levels that can not be passed just for spending ur gems and then u pay actual money to buy new gems !                                                                                                                                                                                                                                                                                                                                                                                          , NEGATIVE , Casual       ,      4.1872644,   6261867, "Puzzle, Physics, Casual, Single player, Stylized, Animals, Bird, Funny"                                                             , 1.0
Angry Birds 2                 , "it would be a really great game if it would stop freezing in the middle of every time I'm changing screens ,or after I play a round of games .Also it seems to freeze every time im about to get all my daily perks . Fix this and it would be golden."                                                                                                                                                                                                                                                                     , NEGATIVE , Casual       ,      4.1872644,   6261867, "Puzzle, Physics, Casual, Single player, Stylized, Animals, Bird, Funny"                                                             , 0.867
Angry Birds 2                 , I'm loving it it's a great challenge                                                                                                                                                                                                                                                                                                                                                                                                                                                                                         , POSITIVE , Casual       ,      4.1872644,   6261867, "Puzzle, Physics, Casual, Single player, Stylized, Animals, Bird, Funny"                                                             , 1.0
Angry Birds 2                 , "I'd leave 0 stars if that was possible. I used to play this when it first came out. Just downloaded it and it won't even start up, it tells me I'm offline when I'm not. Everything else in my home that requires Internet works just fine except for your game. How do you expect people to play if your game won't allow them to play?"                                                                                                                                                                                   , NEGATIVE , Casual       ,      4.1872644,   6261867, "Puzzle, Physics, Casual, Single player, Stylized, Animals, Bird, Funny"                                                             , 0.781
Asphalt 8 - Car Racing Game   , Not gonna lie this game is lit                                                                                                                                                                                                                                                                                                                                                                                                                                                                                               , POSITIVE , Racing       ,      4.528336 ,  11628259, "Racing, Car race, Multiplayer, Competitive multiplayer, Single player, Stylized, Vehicles, Car, Vehicles, Sports car, Offline"      , 0.984
Asphalt 8 - Car Racing Game   , nice 🙂                                                                                                                                                                                                                                                                                                                                                                                                                                                                                                                      , POSITIVE , Racing       ,      4.528336 ,  11628259, "Racing, Car race, Multiplayer, Competitive multiplayer, Single player, Stylized, Vehicles, Car, Vehicles, Sports car, Offline"      , 1.0
Asphalt 8 - Car Racing Game   , nic e                                                                                                                                                                                                                                                                                                                                                                                                                                                                                                                        , POSITIVE , Racing       ,      4.528336 ,  11628259, "Racing, Car race, Multiplayer, Competitive multiplayer, Single player, Stylized, Vehicles, Car, Vehicles, Sports car, Offline"      , 0.968
Asphalt 8 - Car Racing Game   , they must make asphalt frencais                                                                                                                                                                                                                                                                                                                                                                                                                                                                                              , NEGATIVE , Racing       ,      4.528336 ,  11628259, "Racing, Car race, Multiplayer, Competitive multiplayer, Single player, Stylized, Vehicles, Car, Vehicles, Sports car, Offline"      , 0.976
Asphalt 8 - Car Racing Game   , very beautiful game                                                                                                                                                                                                                                                                                                                                                                                                                                                                                                          , POSITIVE , Racing       ,      4.528336 ,  11628259, "Racing, Car race, Multiplayer, Competitive multiplayer, Single player, Stylized, Vehicles, Car, Vehicles, Sports car, Offline"      , 1.0
Asphalt 8 - Car Racing Game   , Best game ever                                                                                                                                                                                                                                                                                                                                                                                                                                                                                                               , POSITIVE , Racing       ,      4.528336 ,  11628259, "Racing, Car race, Multiplayer, Competitive multiplayer, Single player, Stylized, Vehicles, Car, Vehicles, Sports car, Offline"      , 1.0
Asphalt 8 - Car Racing Game   , best                                                                                                                                                                                                                                                                                                                                                                                                                                                                                                                         , POSITIVE , Racing       ,      4.528336 ,  11628259, "Racing, Car race, Multiplayer, Competitive multiplayer, Single player, Stylized, Vehicles, Car, Vehicles, Sports car, Offline"      , 1.0
Asphalt 8 - Car Racing Game   , great                                                                                                                                                                                                                                                                                                                                                                                                                                                                                                                        , POSITIVE , Racing       ,      4.528336 ,  11628259, "Racing, Car race, Multiplayer, Competitive multiplayer, Single player, Stylized, Vehicles, Car, Vehicles, Sports car, Offline"      , 1.0
Asphalt 8 - Car Racing Game   , No words Awesome graphics and gameplay experience 😎                                                                                                                                                                                                                                                                                                                                                                                                                                                                         , POSITIVE , Racing       ,      4.528336 ,  11628259, "Racing, Car race, Multiplayer, Competitive multiplayer, Single player, Stylized, Vehicles, Car, Vehicles, Sports car, Offline"      , 0.999
Asphalt 8 - Car Racing Game   , ok                                                                                                                                                                                                                                                                                                                                                                                                                                                                                                                           , POSITIVE , Racing       ,      4.528336 ,  11628259, "Racing, Car race, Multiplayer, Competitive multiplayer, Single player, Stylized, Vehicles, Car, Vehicles, Sports car, Offline"      , 1.0
Asphalt 8 - Car Racing Game   , THIS IS BEST GAME EVER ITS A CHILDHOOD!!!!!!!!!!!                                                                                                                                                                                                                                                                                                                                                                                                                                                                            , POSITIVE , Racing       ,      4.528336 ,  11628259, "Racing, Car race, Multiplayer, Competitive multiplayer, Single player, Stylized, Vehicles, Car, Vehicles, Sports car, Offline"      , 1.0
Asphalt 8 - Car Racing Game   , ❤️‍🔥🫶                                                                                                                                                                                                                                                                                                                                                                                                                                                                                                                        , NEGATIVE , Racing       ,      4.528336 ,  11628259, "Racing, Car race, Multiplayer, Competitive multiplayer, Single player, Stylized, Vehicles, Car, Vehicles, Sports car, Offline"      , 0.6970000000000001
Asphalt 8 - Car Racing Game   , this great game in the graphics and music                                                                                                                                                                                                                                                                                                                                                                                                                                                                                    , POSITIVE , Racing       ,      4.528336 ,  11628259, "Racing, Car race, Multiplayer, Competitive multiplayer, Single player, Stylized, Vehicles, Car, Vehicles, Sports car, Offline"      , 1.0
Asphalt 8 - Car Racing Game   , it's a the best car game ever created and also the best game to me                                                                                                                                                                                                                                                                                                                                                                                                                                                           , POSITIVE , Racing       ,      4.528336 ,  11628259, "Racing, Car race, Multiplayer, Competitive multiplayer, Single player, Stylized, Vehicles, Car, Vehicles, Sports car, Offline"      , 1.0
Asphalt 8 - Car Racing Game   , it says too much storage                                                                                                                                                                                                                                                                                                                                                                                                                                                                                                     , NEGATIVE , Racing       ,      4.528336 ,  11628259, "Racing, Car race, Multiplayer, Competitive multiplayer, Single player, Stylized, Vehicles, Car, Vehicles, Sports car, Offline"      , 1.0
Asphalt 8 - Car Racing Game   , Good                                                                                                                                                                                                                                                                                                                                                                                                                                                                                                                         , POSITIVE , Racing       ,      4.528336 ,  11628259, "Racing, Car race, Multiplayer, Competitive multiplayer, Single player, Stylized, Vehicles, Car, Vehicles, Sports car, Offline"      , 1.0
Asphalt 8 - Car Racing Game   , it is so good                                                                                                                                                                                                                                                                                                                                                                                                                                                                                                                , POSITIVE , Racing       ,      4.528336 ,  11628259, "Racing, Car race, Multiplayer, Competitive multiplayer, Single player, Stylized, Vehicles, Car, Vehicles, Sports car, Offline"      , 1.0
Asphalt 8 - Car Racing Game   , very nice                                                                                                                                                                                                                                                                                                                                                                                                                                                                                                                    , POSITIVE , Racing       ,      4.528336 ,  11628259, "Racing, Car race, Multiplayer, Competitive multiplayer, Single player, Stylized, Vehicles, Car, Vehicles, Sports car, Offline"      , 1.0
Asphalt 8 - Car Racing Game   , best game to fresh but if camera let down to best                                                                                                                                                                                                                                                                                                                                                                                                                                                                            , NEGATIVE , Racing       ,      4.528336 ,  11628259, "Racing, Car race, Multiplayer, Competitive multiplayer, Single player, Stylized, Vehicles, Car, Vehicles, Sports car, Offline"      , 0.766
Asphalt 8 - Car Racing Game   , it doesn't save the backup! i lost a very old account.                                                                                                                                                                                                                                                                                                                                                                                                                                                                       , NEGATIVE , Racing       ,      4.528336 ,  11628259, "Racing, Car race, Multiplayer, Competitive multiplayer, Single player, Stylized, Vehicles, Car, Vehicles, Sports car, Offline"      , 1.0
8 Ball Pool                   , "the game is not that good in terms of player level the game should allow individuals to play with same level players or within a certain limit it should not be level 20 vs level 160 not a good algorithm spin wheel always stands at 150,50,250,500 no other win at all such a clever algorithm"                                                                                                                                                                                                                          , NEGATIVE , Sports       ,      4.7226424,  29789945, "Sports, Billiards, Casual, Multiplayer, Competitive multiplayer, Single player, Realistic, Sports, Billiards, Sports, Pool, Offline", 1.0
8 Ball Pool                   , Malick Rashid Abbas Marha Sahb                                                                                                                                                                                                                                                                                                                                                                                                                                                                                               , POSITIVE , Sports       ,      4.7226424,  29789945, "Sports, Billiards, Casual, Multiplayer, Competitive multiplayer, Single player, Realistic, Sports, Billiards, Sports, Pool, Offline", 0.9530000000000001
8 Ball Pool                   , Graphics Are Not Good But Overall A Highly Appreciated Game 🎮 By Me                                                                                                                                                                                                                                                                                                                                                                                                                                                         , POSITIVE , Sports       ,      4.7226424,  29789945, "Sports, Billiards, Casual, Multiplayer, Competitive multiplayer, Single player, Realistic, Sports, Billiards, Sports, Pool, Offline", 0.999
8 Ball Pool                   , very nice i like it :)                                                                                                                                                                                                                                                                                                                                                                                                                                                                                                       , POSITIVE , Sports       ,      4.7226424,  29789945, "Sports, Billiards, Casual, Multiplayer, Competitive multiplayer, Single player, Realistic, Sports, Billiards, Sports, Pool, Offline", 1.0
8 Ball Pool                   , This is best game ..I was so enjoying playing game                                                                                                                                                                                                                                                                                                                                                                                                                                                                           , POSITIVE , Sports       ,      4.7226424,  29789945, "Sports, Billiards, Casual, Multiplayer, Competitive multiplayer, Single player, Realistic, Sports, Billiards, Sports, Pool, Offline", 1.0
8 Ball Pool                   , nice game... im so Happy 😍💥🖤                                                                                                                                                                                                                                                                                                                                                                                                                                                                                              , POSITIVE , Sports       ,      4.7226424,  29789945, "Sports, Billiards, Casual, Multiplayer, Competitive multiplayer, Single player, Realistic, Sports, Billiards, Sports, Pool, Offline", 1.0
8 Ball Pool                   , very nice game you download it 👍                                                                                                                                                                                                                                                                                                                                                                                                                                                                                            , POSITIVE , Sports       ,      4.7226424,  29789945, "Sports, Billiards, Casual, Multiplayer, Competitive multiplayer, Single player, Realistic, Sports, Billiards, Sports, Pool, Offline", 1.0
8 Ball Pool                   , My coins are reset without any reason 😞                                                                                                                                                                                                                                                                                                                                                                                                                                                                                     , NEGATIVE , Sports       ,      4.7226424,  29789945, "Sports, Billiards, Casual, Multiplayer, Competitive multiplayer, Single player, Realistic, Sports, Billiards, Sports, Pool, Offline", 0.999
8 Ball Pool                   , wow nice good 😊                                                                                                                                                                                                                                                                                                                                                                                                                                                                                                             , POSITIVE , Sports       ,      4.7226424,  29789945, "Sports, Billiards, Casual, Multiplayer, Competitive multiplayer, Single player, Realistic, Sports, Billiards, Sports, Pool, Offline", 1.0
8 Ball Pool                   , word best game 8ball pool 🎱 👌                                                                                                                                                                                                                                                                                                                                                                                                                                                                                              , POSITIVE , Sports       ,      4.7226424,  29789945, "Sports, Billiards, Casual, Multiplayer, Competitive multiplayer, Single player, Realistic, Sports, Billiards, Sports, Pool, Offline", 0.998
8 Ball Pool                   , I enjoy 😉                                                                                                                                                                                                                                                                                                                                                                                                                                                                                                                   , POSITIVE , Sports       ,      4.7226424,  29789945, "Sports, Billiards, Casual, Multiplayer, Competitive multiplayer, Single player, Realistic, Sports, Billiards, Sports, Pool, Offline", 1.0
8 Ball Pool                   , good 👍                                                                                                                                                                                                                                                                                                                                                                                                                                                                                                                      , POSITIVE , Sports       ,      4.7226424,  29789945, "Sports, Billiards, Casual, Multiplayer, Competitive multiplayer, Single player, Realistic, Sports, Billiards, Sports, Pool, Offline", 1.0
8 Ball Pool                   , super                                                                                                                                                                                                                                                                                                                                                                                                                                                                                                                        , POSITIVE , Sports       ,      4.7226424,  29789945, "Sports, Billiards, Casual, Multiplayer, Competitive multiplayer, Single player, Realistic, Sports, Billiards, Sports, Pool, Offline", 0.999
8 Ball Pool                   , realy great                                                                                                                                                                                                                                                                                                                                                                                                                                                                                                                  , POSITIVE , Sports       ,      4.7226424,  29789945, "Sports, Billiards, Casual, Multiplayer, Competitive multiplayer, Single player, Realistic, Sports, Billiards, Sports, Pool, Offline", 1.0
8 Ball Pool                   , good 👍😊                                                                                                                                                                                                                                                                                                                                                                                                                                                                                                                    , POSITIVE , Sports       ,      4.7226424,  29789945, "Sports, Billiards, Casual, Multiplayer, Competitive multiplayer, Single player, Realistic, Sports, Billiards, Sports, Pool, Offline", 1.0
8 Ball Pool                   , 100 me se 2 no spin fix every time not more 500 coin very false                                                                                                                                                                                                                                                                                                                                                                                                                                                              , NEGATIVE , Sports       ,      4.7226424,  29789945, "Sports, Billiards, Casual, Multiplayer, Competitive multiplayer, Single player, Realistic, Sports, Billiards, Sports, Pool, Offline", 0.994
8 Ball Pool                   , Oops!!                                                                                                                                                                                                                                                                                                                                                                                                                                                                                                                       , NEGATIVE , Sports       ,      4.7226424,  29789945, "Sports, Billiards, Casual, Multiplayer, Competitive multiplayer, Single player, Realistic, Sports, Billiards, Sports, Pool, Offline", 0.864
8 Ball Pool                   , I'm only allowed to play in guest mode. Each time I try logging in on Facebook the app restarts. I've tried clearing cache and data with hope that I'll start afresh but that doesn't solve the problem. I had the game previously on my phone but lost it.                                                                                                                                                                                                                                                                  , NEGATIVE , Sports       ,      4.7226424,  29789945, "Sports, Billiards, Casual, Multiplayer, Competitive multiplayer, Single player, Realistic, Sports, Billiards, Sports, Pool, Offline", 0.999
8 Ball Pool                   , "Its a scam. I line shots perfectly and they miss or the cue ball some how curves and scratches. It makes you lose until you run out of coins. Then the offers pop up to buy more. When I first started I broke every other game when Im on a losing streak It skips my break up to 5 times, I wont get to break. only thing good is playn with friends on here. the physics of the game are wrong I been playn pool since I was a kid and I can control the que ball to go any where I want in real life. red dot no"       , NEGATIVE , Sports       ,      4.7226424,  29789945, "Sports, Billiards, Casual, Multiplayer, Competitive multiplayer, Single player, Realistic, Sports, Billiards, Sports, Pool, Offline", 0.998
8 Ball Pool                   , its good🔥🔥🔥                                                                                                                                                                                                                                                                                                                                                                                                                                                                                                               , NEGATIVE , Sports       ,      4.7226424,  29789945, "Sports, Billiards, Casual, Multiplayer, Competitive multiplayer, Single player, Realistic, Sports, Billiards, Sports, Pool, Offline", 0.657
Hungry Shark Evolution        , shark shoot flame. happy                                                                                                                                                                                                                                                                                                                                                                                                                                                                                                     , POSITIVE , Arcade       ,      4.4828873,   7627344, "Action, Action-adventure, Survival, Arcade, Single player, Stylized, Animals, Shark, Ocean, Offline"                                , 1.0
Hungry Shark Evolution        , wow what a epic graphics                                                                                                                                                                                                                                                                                                                                                                                                                                                                                                     , POSITIVE , Arcade       ,      4.4828873,   7627344, "Action, Action-adventure, Survival, Arcade, Single player, Stylized, Animals, Shark, Ocean, Offline"                                , 0.999
Hungry Shark Evolution        , I love this game                                                                                                                                                                                                                                                                                                                                                                                                                                                                                                             , POSITIVE , Arcade       ,      4.4828873,   7627344, "Action, Action-adventure, Survival, Arcade, Single player, Stylized, Animals, Shark, Ocean, Offline"                                , 1.0
Hungry Shark Evolution        , Great                                                                                                                                                                                                                                                                                                                                                                                                                                                                                                                        , POSITIVE , Arcade       ,      4.4828873,   7627344, "Action, Action-adventure, Survival, Arcade, Single player, Stylized, Animals, Shark, Ocean, Offline"                                , 1.0
Hungry Shark Evolution        , 2020 old me...                                                                                                                                                                                                                                                                                                                                                                                                                                                                                                               , NEGATIVE , Arcade       ,      4.4828873,   7627344, "Action, Action-adventure, Survival, Arcade, Single player, Stylized, Animals, Shark, Ocean, Offline"                                , 0.996
Hungry Shark Evolution        , I like the game                                                                                                                                                                                                                                                                                                                                                                                                                                                                                                              , POSITIVE , Arcade       ,      4.4828873,   7627344, "Action, Action-adventure, Survival, Arcade, Single player, Stylized, Animals, Shark, Ocean, Offline"                                , 1.0
Hungry Shark Evolution        , this is very amazing app                                                                                                                                                                                                                                                                                                                                                                                                                                                                                                     , POSITIVE , Arcade       ,      4.4828873,   7627344, "Action, Action-adventure, Survival, Arcade, Single player, Stylized, Animals, Shark, Ocean, Offline"                                , 1.0
Hungry Shark Evolution        , 😍😍😍😍                                                                                                                                                                                                                                                                                                                                                                                                                                                                                                                     , NEGATIVE , Arcade       ,      4.4828873,   7627344, "Action, Action-adventure, Survival, Arcade, Single player, Stylized, Animals, Shark, Ocean, Offline"                                , 0.6970000000000001
Hungry Shark Evolution        , superb                                                                                                                                                                                                                                                                                                                                                                                                                                                                                                                       , POSITIVE , Arcade       ,      4.4828873,   7627344, "Action, Action-adventure, Survival, Arcade, Single player, Stylized, Animals, Shark, Ocean, Offline"                                , 1.0
Hungry Shark Evolution        , "it's cool, I downloaded it again not because of my mom wanted to play it, but because to remember my mom, she's really happy playing this game when she's alive..🥺❤️💔"                                                                                                                                                                                                                                                                                                                                                     , POSITIVE , Arcade       ,      4.4828873,   7627344, "Action, Action-adventure, Survival, Arcade, Single player, Stylized, Animals, Shark, Ocean, Offline"                                , 1.0
Hungry Shark Evolution        , "this game is peak even tho it has limited things to do but, l think if you add mini games this game would be even better"                                                                                                                                                                                                                                                                                                                                                                                                   , NEGATIVE , Arcade       ,      4.4828873,   7627344, "Action, Action-adventure, Survival, Arcade, Single player, Stylized, Animals, Shark, Ocean, Offline"                                , 0.9510000000000001
Hungry Shark Evolution        , l play this game for entertainment love this game @143                                                                                                                                                                                                                                                                                                                                                                                                                                                                       , POSITIVE , Arcade       ,      4.4828873,   7627344, "Action, Action-adventure, Survival, Arcade, Single player, Stylized, Animals, Shark, Ocean, Offline"                                , 1.0
Hungry Shark Evolution        , its amazing i got so many gold rushes                                                                                                                                                                                                                                                                                                                                                                                                                                                                                        , POSITIVE , Arcade       ,      4.4828873,   7627344, "Action, Action-adventure, Survival, Arcade, Single player, Stylized, Animals, Shark, Ocean, Offline"                                , 1.0
Hungry Shark Evolution        , ITISFUN                                                                                                                                                                                                                                                                                                                                                                                                                                                                                                                      , NEGATIVE , Arcade       ,      4.4828873,   7627344, "Action, Action-adventure, Survival, Arcade, Single player, Stylized, Animals, Shark, Ocean, Offline"                                , 0.998
Hungry Shark Evolution        , can't be played on Android T.V                                                                                                                                                                                                                                                                                                                                                                                                                                                                                               , NEGATIVE , Arcade       ,      4.4828873,   7627344, "Action, Action-adventure, Survival, Arcade, Single player, Stylized, Animals, Shark, Ocean, Offline"                                , 0.995
Hungry Shark Evolution        , did really see any fun in playing this game. and the ad is 100% clickbait.                                                                                                                                                                                                                                                                                                                                                                                                                                                   , NEGATIVE , Arcade       ,      4.4828873,   7627344, "Action, Action-adventure, Survival, Arcade, Single player, Stylized, Animals, Shark, Ocean, Offline"                                , 0.997
Hungry Shark Evolution        , I was just a starter this happend I became a pro because the gift gave me a alan but I want great white.                                                                                                                                                                                                                                                                                                                                                                                                                     , POSITIVE , Arcade       ,      4.4828873,   7627344, "Action, Action-adventure, Survival, Arcade, Single player, Stylized, Animals, Shark, Ocean, Offline"                                , 0.996
Hungry Shark Evolution        , Good game                                                                                                                                                                                                                                                                                                                                                                                                                                                                                                                    , POSITIVE , Arcade       ,      4.4828873,   7627344, "Action, Action-adventure, Survival, Arcade, Single player, Stylized, Animals, Shark, Ocean, Offline"                                , 1.0
Hungry Shark Evolution        , this game is so cool!                                                                                                                                                                                                                                                                                                                                                                                                                                                                                                        , POSITIVE , Arcade       ,      4.4828873,   7627344, "Action, Action-adventure, Survival, Arcade, Single player, Stylized, Animals, Shark, Ocean, Offline"                                , 1.0
Hungry Shark Evolution        , REALLY GOOD but please remove the Live!!!                                                                                                                                                                                                                                                                                                                                                                                                                                                                                    , POSITIVE , Arcade       ,      4.4828873,   7627344, "Action, Action-adventure, Survival, Arcade, Single player, Stylized, Animals, Shark, Ocean, Offline"                                , 0.975
1945 Air Force: Airplane Games, I'm already going to have to go to 1945 Air Force rehab.                                                                                                                                                                                                                                                                                                                                                                                                                                                                     , NEGATIVE , Arcade       ,      4.8002586,   4086604, "Action, Shooter, Bulletstorm, Casual, Single player, Stylized, Battling, Vehicles, Fighter jet, Offline"                            , 0.999
1945 Air Force: Airplane Games, super                                                                                                                                                                                                                                                                                                                                                                                                                                                                                                                        , POSITIVE , Arcade       ,      4.8002586,   4086604, "Action, Shooter, Bulletstorm, Casual, Single player, Stylized, Battling, Vehicles, Fighter jet, Offline"                            , 0.999
1945 Air Force: Airplane Games, good nostalgic                                                                                                                                                                                                                                                                                                                                                                                                                                                                                                               , POSITIVE , Arcade       ,      4.8002586,   4086604, "Action, Shooter, Bulletstorm, Casual, Single player, Stylized, Battling, Vehicles, Fighter jet, Offline"                            , 1.0
1945 Air Force: Airplane Games, No drama                                                                                                                                                                                                                                                                                                                                                                                                                                                                                                                     , NEGATIVE , Arcade       ,      4.8002586,   4086604, "Action, Shooter, Bulletstorm, Casual, Single player, Stylized, Battling, Vehicles, Fighter jet, Offline"                            , 0.976
1945 Air Force: Airplane Games, good                                                                                                                                                                                                                                                                                                                                                                                                                                                                                                                         , POSITIVE , Arcade       ,      4.8002586,   4086604, "Action, Shooter, Bulletstorm, Casual, Single player, Stylized, Battling, Vehicles, Fighter jet, Offline"                            , 1.0
1945 Air Force: Airplane Games, nice game                                                                                                                                                                                                                                                                                                                                                                                                                                                                                                                    , POSITIVE , Arcade       ,      4.8002586,   4086604, "Action, Shooter, Bulletstorm, Casual, Single player, Stylized, Battling, Vehicles, Fighter jet, Offline"                            , 1.0
1945 Air Force: Airplane Games, I like the game but once you keep winning you can't advance to another level I have been stuck on level 41 for days after I won the round wats up with dat                                                                                                                                                                                                                                                                                                                                                                   , NEGATIVE , Arcade       ,      4.8002586,   4086604, "Action, Shooter, Bulletstorm, Casual, Single player, Stylized, Battling, Vehicles, Fighter jet, Offline"                            , 0.993
1945 Air Force: Airplane Games, I like PLANES like ere                                                                                                                                                                                                                                                                                                                                                                                                                                                                                                       , POSITIVE , Arcade       ,      4.8002586,   4086604, "Action, Shooter, Bulletstorm, Casual, Single player, Stylized, Battling, Vehicles, Fighter jet, Offline"                            , 0.901
1945 Air Force: Airplane Games, good game                                                                                                                                                                                                                                                                                                                                                                                                                                                                                                                    , POSITIVE , Arcade       ,      4.8002586,   4086604, "Action, Shooter, Bulletstorm, Casual, Single player, Stylized, Battling, Vehicles, Fighter jet, Offline"                            , 1.0
1945 Air Force: Airplane Games, pay to win                                                                                                                                                                                                                                                                                                                                                                                                                                                                                                                   , POSITIVE , Arcade       ,      4.8002586,   4086604, "Action, Shooter, Bulletstorm, Casual, Single player, Stylized, Battling, Vehicles, Fighter jet, Offline"                            , 0.999
1945 Air Force: Airplane Games, addict able game                                                                                                                                                                                                                                                                                                                                                                                                                                                                                                             , POSITIVE , Arcade       ,      4.8002586,   4086604, "Action, Shooter, Bulletstorm, Casual, Single player, Stylized, Battling, Vehicles, Fighter jet, Offline"                            , 1.0
1945 Air Force: Airplane Games, good game                                                                                                                                                                                                                                                                                                                                                                                                                                                                                                                    , POSITIVE , Arcade       ,      4.8002586,   4086604, "Action, Shooter, Bulletstorm, Casual, Single player, Stylized, Battling, Vehicles, Fighter jet, Offline"                            , 1.0
1945 Air Force: Airplane Games, too hard to level up and clear the boards                                                                                                                                                                                                                                                                                                                                                                                                                                                                                    , NEGATIVE , Arcade       ,      4.8002586,   4086604, "Action, Shooter, Bulletstorm, Casual, Single player, Stylized, Battling, Vehicles, Fighter jet, Offline"                            , 1.0
1945 Air Force: Airplane Games, cool game...keeps ya moving!                                                                                                                                                                                                                                                                                                                                                                                                                                                                                                 , POSITIVE , Arcade       ,      4.8002586,   4086604, "Action, Shooter, Bulletstorm, Casual, Single player, Stylized, Battling, Vehicles, Fighter jet, Offline"                            , 1.0
1945 Air Force: Airplane Games, im injoying the game                                                                                                                                                                                                                                                                                                                                                                                                                                                                                                         , POSITIVE , Arcade       ,      4.8002586,   4086604, "Action, Shooter, Bulletstorm, Casual, Single player, Stylized, Battling, Vehicles, Fighter jet, Offline"                            , 0.999
1945 Air Force: Airplane Games, the best game ever                                                                                                                                                                                                                                                                                                                                                                                                                                                                                                           , POSITIVE , Arcade       ,      4.8002586,   4086604, "Action, Shooter, Bulletstorm, Casual, Single player, Stylized, Battling, Vehicles, Fighter jet, Offline"                            , 1.0
1945 Air Force: Airplane Games, great game                                                                                                                                                                                                                                                                                                                                                                                                                                                                                                                   , POSITIVE , Arcade       ,      4.8002586,   4086604, "Action, Shooter, Bulletstorm, Casual, Single player, Stylized, Battling, Vehicles, Fighter jet, Offline"                            , 1.0
1945 Air Force: Airplane Games, very fun !!!                                                                                                                                                                                                                                                                                                                                                                                                                                                                                                                 , POSITIVE , Arcade       ,      4.8002586,   4086604, "Action, Shooter, Bulletstorm, Casual, Single player, Stylized, Battling, Vehicles, Fighter jet, Offline"                            , 1.0
1945 Air Force: Airplane Games, nise game                                                                                                                                                                                                                                                                                                                                                                                                                                                                                                                    , NEGATIVE , Arcade       ,      4.8002586,   4086604, "Action, Shooter, Bulletstorm, Casual, Single player, Stylized, Battling, Vehicles, Fighter jet, Offline"                            , 0.962
1945 Air Force: Airplane Games, After download why isn't open?                                                                                                                                                                                                                                                                                                                                                                                                                                                                                               , NEGATIVE , Arcade       ,      4.8002586,   4086604, "Action, Shooter, Bulletstorm, Casual, Single player, Stylized, Battling, Vehicles, Fighter jet, Offline"                            , 0.999
Mario Kart Tour               , you need to create yet another account to play...                                                                                                                                                                                                                                                                                                                                                                                                                                                                            , NEGATIVE , Action       ,      4.3138614,   2154982, "Racing, Kart, Casual, Single player, Stylized, Cartoon, Shoot, Driving"                                                             , 0.999
Mario Kart Tour               , requires a mandatory Nintendo account.. which is stupid                                                                                                                                                                                                                                                                                                                                                                                                                                                                      , NEGATIVE , Action       ,      4.3138614,   2154982, "Racing, Kart, Casual, Single player, Stylized, Cartoon, Shoot, Driving"                                                             , 1.0
Mario Kart Tour               , as an avid player of the Mario cart on the ds this one is amazing and they got online play balloon battles and new challenges every 2 weeks. it's fire as heck man                                                                                                                                                                                                                                                                                                                                                           , POSITIVE , Action       ,      4.3138614,   2154982, "Racing, Kart, Casual, Single player, Stylized, Cartoon, Shoot, Driving"                                                             , 1.0
Mario Kart Tour               , "I love MarioKart, and I it's just so cool I can't describe how good this game is, anyway you should try it. :D"                                                                                                                                                                                                                                                                                                                                                                                                             , POSITIVE , Action       ,      4.3138614,   2154982, "Racing, Kart, Casual, Single player, Stylized, Cartoon, Shoot, Driving"                                                             , 0.999
Mario Kart Tour               , a really good game if im being honest                                                                                                                                                                                                                                                                                                                                                                                                                                                                                        , POSITIVE , Action       ,      4.3138614,   2154982, "Racing, Kart, Casual, Single player, Stylized, Cartoon, Shoot, Driving"                                                             , 1.0
Mario Kart Tour               , If only Nintendo came our with a Mario party mobile game 😭                                                                                                                                                                                                                                                                                                                                                                                                                                                                  , NEGATIVE , Action       ,      4.3138614,   2154982, "Racing, Kart, Casual, Single player, Stylized, Cartoon, Shoot, Driving"                                                             , 0.993
Mario Kart Tour               , super fun                                                                                                                                                                                                                                                                                                                                                                                                                                                                                                                    , POSITIVE , Action       ,      4.3138614,   2154982, "Racing, Kart, Casual, Single player, Stylized, Cartoon, Shoot, Driving"                                                             , 1.0
Mario Kart Tour               , My experience was tarnished ruined and unpardonable. I hope I see less what what i dislike and may the grave swallow every being who consumes too much resources.                                                                                                                                                                                                                                                                                                                                                            , NEGATIVE , Action       ,      4.3138614,   2154982, "Racing, Kart, Casual, Single player, Stylized, Cartoon, Shoot, Driving"                                                             , 1.0
Mario Kart Tour               , bad                                                                                                                                                                                                                                                                                                                                                                                                                                                                                                                          , NEGATIVE , Action       ,      4.3138614,   2154982, "Racing, Kart, Casual, Single player, Stylized, Cartoon, Shoot, Driving"                                                             , 1.0
Mario Kart Tour               , Very Good 👍                                                                                                                                                                                                                                                                                                                                                                                                                                                                                                                 , POSITIVE , Action       ,      4.3138614,   2154982, "Racing, Kart, Casual, Single player, Stylized, Cartoon, Shoot, Driving"                                                             , 1.0
Mario Kart Tour               , "Immediately after I go in the game, it wants me to link the game to my Nintendo account. But when I create the account it doesn't work"                                                                                                                                                                                                                                                                                                                                                                                     , NEGATIVE , Action       ,      4.3138614,   2154982, "Racing, Kart, Casual, Single player, Stylized, Cartoon, Shoot, Driving"                                                             , 1.0
Mario Kart Tour               , any game development people around? please can you tell me why the game won't start? 2 days in a row now.. any help?                                                                                                                                                                                                                                                                                                                                                                                                         , NEGATIVE , Action       ,      4.3138614,   2154982, "Racing, Kart, Casual, Single player, Stylized, Cartoon, Shoot, Driving"                                                             , 0.999
Mario Kart Tour               , I'm mad bout that to                                                                                                                                                                                                                                                                                                                                                                                                                                                                                                         , NEGATIVE , Action       ,      4.3138614,   2154982, "Racing, Kart, Casual, Single player, Stylized, Cartoon, Shoot, Driving"                                                             , 0.992
Mario Kart Tour               , I LIKE RACE AND BATTLE GAMES SO MUCH😎😎                                                                                                                                                                                                                                                                                                                                                                                                                                                                                     , POSITIVE , Action       ,      4.3138614,   2154982, "Racing, Kart, Casual, Single player, Stylized, Cartoon, Shoot, Driving"                                                             , 0.992
Mario Kart Tour               , phenomenal game Would recommend                                                                                                                                                                                                                                                                                                                                                                                                                                                                                              , POSITIVE , Action       ,      4.3138614,   2154982, "Racing, Kart, Casual, Single player, Stylized, Cartoon, Shoot, Driving"                                                             , 1.0
Mario Kart Tour               , It is just as nice as the original. I hate we can't access holiday levels unless it's that time of year but they update all the time.                                                                                                                                                                                                                                                                                                                                                                                        , POSITIVE , Action       ,      4.3138614,   2154982, "Racing, Kart, Casual, Single player, Stylized, Cartoon, Shoot, Driving"                                                             , 0.998
Mario Kart Tour               , "Just wish there was a way to play worldwide with friends, even Mario Kart 7 had this feature. also is there controller support?"                                                                                                                                                                                                                                                                                                                                                                                            , NEGATIVE , Action       ,      4.3138614,   2154982, "Racing, Kart, Casual, Single player, Stylized, Cartoon, Shoot, Driving"                                                             , 0.997
Mario Kart Tour               , Mario kart                                                                                                                                                                                                                                                                                                                                                                                                                                                                                                                   , POSITIVE , Action       ,      4.3138614,   2154982, "Racing, Kart, Casual, Single player, Stylized, Cartoon, Shoot, Driving"                                                             , 0.996
Mario Kart Tour               , "Not bad, This will maybe make me play it if im bored & play online with someone."                                                                                                                                                                                                                                                                                                                                                                                                                                           , NEGATIVE , Action       ,      4.3138614,   2154982, "Racing, Kart, Casual, Single player, Stylized, Cartoon, Shoot, Driving"                                                             , 0.9420000000000001
Mario Kart Tour               , "everything about this game is well,but the only thing that I don't like about it,is when sometimes the game doesn't work and I must clear the dates game and install it again"                                                                                                                                                                                                                                                                                                                                              , NEGATIVE , Action       ,      4.3138614,   2154982, "Racing, Kart, Casual, Single player, Stylized, Cartoon, Shoot, Driving"                                                             , 0.992
Toca Boca World               , good game but I remember buying sanrio packs but for some reason I don't have them?                                                                                                                                                                                                                                                                                                                                                                                                                                          , NEGATIVE , Educational  ,      4.2856584,   6183835, "Simulation, Life, Single player, Stylized, Fantasy, Urban fantasy, Offline"                                                         , 0.992
Toca Boca World               , I like this game so much this is so fun to play it's my favourite game and I love to play because other person's play it I loved it too                                                                                                                                                                                                                                                                                                                                                                                      , POSITIVE , Educational  ,      4.2856584,   6183835, "Simulation, Life, Single player, Stylized, Fantasy, Urban fantasy, Offline"                                                         , 1.0
Toca Boca World               , it's fun and offline games too my daughter love to play toca life and get all game passes she love to decorate house😁😁😣🥰🥰😍😍                                                                                                                                                                                                                                                                                                                                                                                           , POSITIVE , Educational  ,      4.2856584,   6183835, "Simulation, Life, Single player, Stylized, Fantasy, Urban fantasy, Offline"                                                         , 0.999
Toca Boca World               , Hi lam ava🤗                                                                                                                                                                                                                                                                                                                                                                                                                                                                                                                 , POSITIVE , Educational  ,      4.2856584,   6183835, "Simulation, Life, Single player, Stylized, Fantasy, Urban fantasy, Offline"                                                         , 0.982
Toca Boca World               , this game is good for rp and anything! seriously it's the best I love doing stuff and finding secrets                                                                                                                                                                                                                                                                                                                                                                                                                        , POSITIVE , Educational  ,      4.2856584,   6183835, "Simulation, Life, Single player, Stylized, Fantasy, Urban fantasy, Offline"                                                         , 1.0
Toca Boca World               , toca boca I bought your stuff hut no longer play your game so please give a refund                                                                                                                                                                                                                                                                                                                                                                                                                                           , NEGATIVE , Educational  ,      4.2856584,   6183835, "Simulation, Life, Single player, Stylized, Fantasy, Urban fantasy, Offline"                                                         , 0.998
Toca Boca World               , loveitthereisnoads                                                                                                                                                                                                                                                                                                                                                                                                                                                                                                           , NEGATIVE , Educational  ,      4.2856584,   6183835, "Simulation, Life, Single player, Stylized, Fantasy, Urban fantasy, Offline"                                                         , 0.977
Toca Boca World               , "the free items from the post office disappeared from the holding area. Before I dump any more money into this game. I need to be sure that my items won't despawn themselves from the game entirely. And with updates and new stuff to buy, I feel like this shouldn't be a hard fix if you care about your customers"                                                                                                                                                                                                      , NEGATIVE , Educational  ,      4.2856584,   6183835, "Simulation, Life, Single player, Stylized, Fantasy, Urban fantasy, Offline"                                                         , 0.998
Toca Boca World               , amazing game.                                                                                                                                                                                                                                                                                                                                                                                                                                                                                                                , POSITIVE , Educational  ,      4.2856584,   6183835, "Simulation, Life, Single player, Stylized, Fantasy, Urban fantasy, Offline"                                                         , 1.0
Toca Boca World               , es ist ein gutes spiel ich würde mir aber wünschen das mann sich 2oder3 heuser gratis aus suchen kann oder ein pak nach einer gewissenn zeit gratis bekommt oder das mann alles gratis bekommt und für neuen sachen dann bezahlen muss so wie in Avatar world                                                                                                                                                                                                                                                                , NEGATIVE , Educational  ,      4.2856584,   6183835, "Simulation, Life, Single player, Stylized, Fantasy, Urban fantasy, Offline"                                                         , 0.981
Toca Boca World               , Toca Boca not a good game you have to pay for everything! never getting this game again                                                                                                                                                                                                                                                                                                                                                                                                                                      , NEGATIVE , Educational  ,      4.2856584,   6183835, "Simulation, Life, Single player, Stylized, Fantasy, Urban fantasy, Offline"                                                         , 1.0
Toca Boca World               , "i used this asa kid, nostalagic actually pretty decent!?!"                                                                                                                                                                                                                                                                                                                                                                                                                                                                  , POSITIVE , Educational  ,      4.2856584,   6183835, "Simulation, Life, Single player, Stylized, Fantasy, Urban fantasy, Offline"                                                         , 0.998
Toca Boca World               , idk but its fun                                                                                                                                                                                                                                                                                                                                                                                                                                                                                                              , POSITIVE , Educational  ,      4.2856584,   6183835, "Simulation, Life, Single player, Stylized, Fantasy, Urban fantasy, Offline"                                                         , 0.999
Toca Boca World               , I hate this game avatar world is way better                                                                                                                                                                                                                                                                                                                                                                                                                                                                                  , NEGATIVE , Educational  ,      4.2856584,   6183835, "Simulation, Life, Single player, Stylized, Fantasy, Urban fantasy, Offline"                                                         , 0.999
Toca Boca World               , I love it                                                                                                                                                                                                                                                                                                                                                                                                                                                                                                                    , POSITIVE , Educational  ,      4.2856584,   6183835, "Simulation, Life, Single player, Stylized, Fantasy, Urban fantasy, Offline"                                                         , 1.0
Toca Boca World               , it's the absolute best but sometimes when u like enter your home you find that it reset and sometimes when u enter the post office you find that its empty and you have to reset your world ❤️✨😿                                                                                                                                                                                                                                                                                                                             , NEGATIVE , Educational  ,      4.2856584,   6183835, "Simulation, Life, Single player, Stylized, Fantasy, Urban fantasy, Offline"                                                         , 0.999
Toca Boca World               , this is so much fun together                                                                                                                                                                                                                                                                                                                                                                                                                                                                                                 , POSITIVE , Educational  ,      4.2856584,   6183835, "Simulation, Life, Single player, Stylized, Fantasy, Urban fantasy, Offline"                                                         , 1.0
Toca Boca World               , can you please make it free 💗🎀                                                                                                                                                                                                                                                                                                                                                                                                                                                                                             , POSITIVE , Educational  ,      4.2856584,   6183835, "Simulation, Life, Single player, Stylized, Fantasy, Urban fantasy, Offline"                                                         , 0.994
Toca Boca World               , super duper game                                                                                                                                                                                                                                                                                                                                                                                                                                                                                                             , NEGATIVE , Educational  ,      4.2856584,   6183835, "Simulation, Life, Single player, Stylized, Fantasy, Urban fantasy, Offline"                                                         , 0.997
Toca Boca World               , its so cool                                                                                                                                                                                                                                                                                                                                                                                                                                                                                                                  , POSITIVE , Educational  ,      4.2856584,   6183835, "Simulation, Life, Single player, Stylized, Fantasy, Urban fantasy, Offline"                                                         , 1.0
Temple Run 2: Endless Escape  , 😁😁                                                                                                                                                                                                                                                                                                                                                                                                                                                                                                                         , NEGATIVE , Action       ,      4.147584 ,  10087385, "Action, Platformer, Runner, Arcade, Single player, Stylized, Miscellaneous, Relics, Jump, Offline"                                  , 0.6970000000000001
Temple Run 2: Endless Escape  , l like it this game very much                                                                                                                                                                                                                                                                                                                                                                                                                                                                                                , POSITIVE , Action       ,      4.147584 ,  10087385, "Action, Platformer, Runner, Arcade, Single player, Stylized, Miscellaneous, Relics, Jump, Offline"                                  , 1.0
Temple Run 2: Endless Escape  , sudhir love                                                                                                                                                                                                                                                                                                                                                                                                                                                                                                                  , POSITIVE , Action       ,      4.147584 ,  10087385, "Action, Platformer, Runner, Arcade, Single player, Stylized, Miscellaneous, Relics, Jump, Offline"                                  , 1.0
Temple Run 2: Endless Escape  , Must try for best entertainment. Very awesome graphic and everything is perfect.                                                                                                                                                                                                                                                                                                                                                                                                                                             , POSITIVE , Action       ,      4.147584 ,  10087385, "Action, Platformer, Runner, Arcade, Single player, Stylized, Miscellaneous, Relics, Jump, Offline"                                  , 1.0
Temple Run 2: Endless Escape  , Well👍                                                                                                                                                                                                                                                                                                                                                                                                                                                                                                                       , NEGATIVE , Action       ,      4.147584 ,  10087385, "Action, Platformer, Runner, Arcade, Single player, Stylized, Miscellaneous, Relics, Jump, Offline"                                  , 0.6970000000000001
Temple Run 2: Endless Escape  , good 👍 game                                                                                                                                                                                                                                                                                                                                                                                                                                                                                                                 , POSITIVE , Action       ,      4.147584 ,  10087385, "Action, Platformer, Runner, Arcade, Single player, Stylized, Miscellaneous, Relics, Jump, Offline"                                  , 1.0
Temple Run 2: Endless Escape  , very good👍                                                                                                                                                                                                                                                                                                                                                                                                                                                                                                                  , POSITIVE , Action       ,      4.147584 ,  10087385, "Action, Platformer, Runner, Arcade, Single player, Stylized, Miscellaneous, Relics, Jump, Offline"                                  , 0.8240000000000001
Temple Run 2: Endless Escape  , Nice                                                                                                                                                                                                                                                                                                                                                                                                                                                                                                                         , POSITIVE , Action       ,      4.147584 ,  10087385, "Action, Platformer, Runner, Arcade, Single player, Stylized, Miscellaneous, Relics, Jump, Offline"                                  , 1.0
Temple Run 2: Endless Escape  , it's good game 👍🏻                                                                                                                                                                                                                                                                                                                                                                                                                                                                                                          , POSITIVE , Action       ,      4.147584 ,  10087385, "Action, Platformer, Runner, Arcade, Single player, Stylized, Miscellaneous, Relics, Jump, Offline"                                  , 1.0
Temple Run 2: Endless Escape  , perfect                                                                                                                                                                                                                                                                                                                                                                                                                                                                                                                      , POSITIVE , Action       ,      4.147584 ,  10087385, "Action, Platformer, Runner, Arcade, Single player, Stylized, Miscellaneous, Relics, Jump, Offline"                                  , 1.0
Temple Run 2: Endless Escape  , it's good🤥🤕                                                                                                                                                                                                                                                                                                                                                                                                                                                                                                                , POSITIVE , Action       ,      4.147584 ,  10087385, "Action, Platformer, Runner, Arcade, Single player, Stylized, Miscellaneous, Relics, Jump, Offline"                                  , 0.913
Temple Run 2: Endless Escape  , good 👍                                                                                                                                                                                                                                                                                                                                                                                                                                                                                                                      , POSITIVE , Action       ,      4.147584 ,  10087385, "Action, Platformer, Runner, Arcade, Single player, Stylized, Miscellaneous, Relics, Jump, Offline"                                  , 1.0
Temple Run 2: Endless Escape  , wow this game is very nice                                                                                                                                                                                                                                                                                                                                                                                                                                                                                                   , POSITIVE , Action       ,      4.147584 ,  10087385, "Action, Platformer, Runner, Arcade, Single player, Stylized, Miscellaneous, Relics, Jump, Offline"                                  , 1.0
Temple Run 2: Endless Escape  , nostalgia 🥹                                                                                                                                                                                                                                                                                                                                                                                                                                                                                                                 , POSITIVE , Action       ,      4.147584 ,  10087385, "Action, Platformer, Runner, Arcade, Single player, Stylized, Miscellaneous, Relics, Jump, Offline"                                  , 0.995
Temple Run 2: Endless Escape  , very good                                                                                                                                                                                                                                                                                                                                                                                                                                                                                                                    , POSITIVE , Action       ,      4.147584 ,  10087385, "Action, Platformer, Runner, Arcade, Single player, Stylized, Miscellaneous, Relics, Jump, Offline"                                  , 1.0
Temple Run 2: Endless Escape  , bestttttt 🫡🫡                                                                                                                                                                                                                                                                                                                                                                                                                                                                                                               , NEGATIVE , Action       ,      4.147584 ,  10087385, "Action, Platformer, Runner, Arcade, Single player, Stylized, Miscellaneous, Relics, Jump, Offline"                                  , 0.539
Temple Run 2: Endless Escape  , I rate it four stars because there's nobody's perfect in this world except Jesus                                                                                                                                                                                                                                                                                                                                                                                                                                             , NEGATIVE , Action       ,      4.147584 ,  10087385, "Action, Platformer, Runner, Arcade, Single player, Stylized, Miscellaneous, Relics, Jump, Offline"                                  , 0.749
Temple Run 2: Endless Escape  , I played this game in my iPad it was the best game ever but most of the maps are locked I have to pay with gem but I have 140 gem it is the best game ever                                                                                                                                                                                                                                                                                                                                                                   , POSITIVE , Action       ,      4.147584 ,  10087385, "Action, Platformer, Runner, Arcade, Single player, Stylized, Miscellaneous, Relics, Jump, Offline"                                  , 1.0
Temple Run 2: Endless Escape  , "this game is usually very great and nice but it is addition problem game but not for adults, this game is about such adventures but my brother tried to do and fall, so please an request to not let your child to built this adventurous habbits and should be described in ads, and this is very simple game."                                                                                                                                                                                                            , POSITIVE , Action       ,      4.147584 ,  10087385, "Action, Platformer, Runner, Arcade, Single player, Stylized, Miscellaneous, Relics, Jump, Offline"                                  , 0.998
Temple Run 2: Endless Escape  , give all map for free                                                                                                                                                                                                                                                                                                                                                                                                                                                                                                        , POSITIVE , Action       ,      4.147584 ,  10087385, "Action, Platformer, Runner, Arcade, Single player, Stylized, Miscellaneous, Relics, Jump, Offline"                                  , 0.547
Stumble Guys                  , Ada skin cantik                                                                                                                                                                                                                                                                                                                                                                                                                                                                                                              , POSITIVE , Action       ,      4.2362304,   6241160, "Action, Platformer, Casual, Multiplayer, Stylized, Battling, Dodge"                                                                 , 0.918
Stumble Guys                  , this is so. op🤩🤩🤩🤩🤩🤩🤩                                                                                                                                                                                                                                                                                                                                                                                                                                                                                                 , NEGATIVE , Action       ,      4.2362304,   6241160, "Action, Platformer, Casual, Multiplayer, Stylized, Battling, Dodge"                                                                 , 0.894
Stumble Guys                  , "Just updated the game to find out that they have restricted us from using certain abilities in the ranked games. VERY DISAPPOINTED. I've been playing this game since the days that we had to get these emotes by purchasing battle passes, which I did, quite a lot. What's the point of all that money spent if I can't even use it in ranked matches?"                                                                                                                                                                   , NEGATIVE , Action       ,      4.2362304,   6241160, "Action, Platformer, Casual, Multiplayer, Stylized, Battling, Dodge"                                                                 , 1.0
Stumble Guys                  , it's kinda good but this game give me badluck but I liked it                                                                                                                                                                                                                                                                                                                                                                                                                                                                 , POSITIVE , Action       ,      4.2362304,   6241160, "Action, Platformer, Casual, Multiplayer, Stylized, Battling, Dodge"                                                                 , 0.997
Stumble Guys                  , whenever I play this game always surver issue etc.This is happening to my new phone.I am frustrated 😡😡                                                                                                                                                                                                                                                                                                                                                                                                                     , NEGATIVE , Action       ,      4.2362304,   6241160, "Action, Platformer, Casual, Multiplayer, Stylized, Battling, Dodge"                                                                 , 0.999
Stumble Guys                  , i hate the new update but i like the game play                                                                                                                                                                                                                                                                                                                                                                                                                                                                               , POSITIVE , Action       ,      4.2362304,   6241160, "Action, Platformer, Casual, Multiplayer, Stylized, Battling, Dodge"                                                                 , 0.999
Stumble Guys                  , This is my favourite game I am playing this game 4years later but the problem is l am downloading this game so he is installing and install I try 6 to 7                                                                                                                                                                                                                                                                                                                                                                     , NEGATIVE , Action       ,      4.2362304,   6241160, "Action, Platformer, Casual, Multiplayer, Stylized, Battling, Dodge"                                                                 , 0.998
Stumble Guys                  , ok ok hai                                                                                                                                                                                                                                                                                                                                                                                                                                                                                                                    , POSITIVE , Action       ,      4.2362304,   6241160, "Action, Platformer, Casual, Multiplayer, Stylized, Battling, Dodge"                                                                 , 0.998
Stumble Guys                  , VIP games list no#1 game stumble guys                                                                                                                                                                                                                                                                                                                                                                                                                                                                                        , POSITIVE , Action       ,      4.2362304,   6241160, "Action, Platformer, Casual, Multiplayer, Stylized, Battling, Dodge"                                                                 , 0.712
Stumble Guys                  , I think that's a very good game but there is some glitches in game #1 My network is 5G but it the game is sometimes freezes and #2 you can add all abilities disabled in ranked please but the game is very good 😊😊 please add some Free ability and some Free stumble tokens and ability keys 😊😊fix the problem and the game is very good 😊😊😊😊😊😊😊                                                                                                                                                                , POSITIVE , Action       ,      4.2362304,   6241160, "Action, Platformer, Casual, Multiplayer, Stylized, Battling, Dodge"                                                                 , 0.999
Stumble Guys                  , this game is best                                                                                                                                                                                                                                                                                                                                                                                                                                                                                                            , POSITIVE , Action       ,      4.2362304,   6241160, "Action, Platformer, Casual, Multiplayer, Stylized, Battling, Dodge"                                                                 , 1.0
Stumble Guys                  , My stumble guys is not loading since 0.86 it only loads when i use a external app 1.1.1.1 but if i use it i get 800 ping no dns works too. Is my country blocked? Nepal Please fix in 0.86.5                                                                                                                                                                                                                                                                                                                                 , NEGATIVE , Action       ,      4.2362304,   6241160, "Action, Platformer, Casual, Multiplayer, Stylized, Battling, Dodge"                                                                 , 0.999
Stumble Guys                  , it is a fantastic game to play the stumble city is beautiful but if you spin the wheel or open any pack so you get only noob skins or if you get a special pack so you can get a mythic or special skin but some time you even get a rare or common skin and it is very rare to get a special skin in free wheel so plz do our luck good so then these four stars are five                                                                                                                                                   , POSITIVE , Action       ,      4.2362304,   6241160, "Action, Platformer, Casual, Multiplayer, Stylized, Battling, Dodge"                                                                 , 0.997
Stumble Guys                  , plz new update scoply this update my phone ping problem                                                                                                                                                                                                                                                                                                                                                                                                                                                                      , NEGATIVE , Action       ,      4.2362304,   6241160, "Action, Platformer, Casual, Multiplayer, Stylized, Battling, Dodge"                                                                 , 0.999
Stumble Guys                  , THIS IS EXTREME NICE GAME !!                                                                                                                                                                                                                                                                                                                                                                                                                                                                                                 , POSITIVE , Action       ,      4.2362304,   6241160, "Action, Platformer, Casual, Multiplayer, Stylized, Battling, Dodge"                                                                 , 1.0
Stumble Guys                  , "IT SUCKS! New update ""Laser dash Legendary"" has people who use hug and punch all the time, I can't even play properly, i just wanted a special called dasher and this happens, 660 gems went into 590 in just 5 minutes 0 stars if ur a f2p 5 stars if ur a p2w"                                                                                                                                                                                                                                                          , NEGATIVE , Action       ,      4.2362304,   6241160, "Action, Platformer, Casual, Multiplayer, Stylized, Battling, Dodge"                                                                 , 0.999
Stumble Guys                  , stumble guys is waste because it have ping and game stuck and many error in tournament so I am losing my gems                                                                                                                                                                                                                                                                                                                                                                                                                , NEGATIVE , Action       ,      4.2362304,   6241160, "Action, Platformer, Casual, Multiplayer, Stylized, Battling, Dodge"                                                                 , 1.0
Stumble Guys                  , "This is a very good game,,,, but is vary mb and loding in vary solo phone and pc🉑🧱💔"                                                                                                                                                                                                                                                                                                                                                                                                                                     , NEGATIVE , Action       ,      4.2362304,   6241160, "Action, Platformer, Casual, Multiplayer, Stylized, Battling, Dodge"                                                                 , 0.857
Stumble Guys                  , the game is quite joyful but it is full of ad and sometimes game has no response                                                                                                                                                                                                                                                                                                                                                                                                                                             , NEGATIVE , Action       ,      4.2362304,   6241160, "Action, Platformer, Casual, Multiplayer, Stylized, Battling, Dodge"                                                                 , 0.991
Stumble Guys                  , is really fun i love the swimming maps                                                                                                                                                                                                                                                                                                                                                                                                                                                                                       , POSITIVE , Action       ,      4.2362304,   6241160, "Action, Platformer, Casual, Multiplayer, Stylized, Battling, Dodge"                                                                 , 1.0
Google Play Games             , l love it                                                                                                                                                                                                                                                                                                                                                                                                                                                                                                                    , POSITIVE , Entertainment,      4.0692005,  13302655, Entertainment                                                                                                                        , 1.0
Google Play Games             , Google Play Games is A Great App !!! 😉💯🤘🏻$$!!                                                                                                                                                                                                                                                                                                                                                                                                                                                                            , POSITIVE , Entertainment,      4.0692005,  13302655, Entertainment                                                                                                                        , 0.999
Google Play Games             , learning                                                                                                                                                                                                                                                                                                                                                                                                                                                                                                                     , POSITIVE , Entertainment,      4.0692005,  13302655, Entertainment                                                                                                                        , 1.0
Google Play Games             , Why I cannot delete this app? I don't play any game.                                                                                                                                                                                                                                                                                                                                                                                                                                                                         , NEGATIVE , Entertainment,      4.0692005,  13302655, Entertainment                                                                                                                        , 0.999
Google Play Games             , I recovered my progress but I lost 3245 play points how can I get it back here are two more stars                                                                                                                                                                                                                                                                                                                                                                                                                            , NEGATIVE , Entertainment,      4.0692005,  13302655, Entertainment                                                                                                                        , 0.999
Google Play Games             , unable to login to gamess please help                                                                                                                                                                                                                                                                                                                                                                                                                                                                                        , NEGATIVE , Entertainment,      4.0692005,  13302655, Entertainment                                                                                                                        , 0.999
Google Play Games             , "Yep time to drop the mobile games, and go back to pc/console. All the games available are garbage money grabs. If mihoyo wasn't so damn greedy i would say Genshin impact was google's gem, but even that was ruined by the gatcha style model. only has gotten worse."                                                                                                                                                                                                                                                     , NEGATIVE , Entertainment,      4.0692005,  13302655, Entertainment                                                                                                                        , 1.0
Google Play Games             , this is amazing                                                                                                                                                                                                                                                                                                                                                                                                                                                                                                              , POSITIVE , Entertainment,      4.0692005,  13302655, Entertainment                                                                                                                        , 1.0
Google Play Games             , Thank you.                                                                                                                                                                                                                                                                                                                                                                                                                                                                                                                   , POSITIVE , Entertainment,      4.0692005,  13302655, Entertainment                                                                                                                        , 1.0
Google Play Games             , I LIKE IT                                                                                                                                                                                                                                                                                                                                                                                                                                                                                                                    , POSITIVE , Entertainment,      4.0692005,  13302655, Entertainment                                                                                                                        , 1.0
Google Play Games             , good 👍                                                                                                                                                                                                                                                                                                                                                                                                                                                                                                                      , POSITIVE , Entertainment,      4.0692005,  13302655, Entertainment                                                                                                                        , 1.0
Google Play Games             , nice in paying money in games ;-)                                                                                                                                                                                                                                                                                                                                                                                                                                                                                            , POSITIVE , Entertainment,      4.0692005,  13302655, Entertainment                                                                                                                        , 0.998
Google Play Games             , ok                                                                                                                                                                                                                                                                                                                                                                                                                                                                                                                           , POSITIVE , Entertainment,      4.0692005,  13302655, Entertainment                                                                                                                        , 1.0
Google Play Games             , this is wonderful                                                                                                                                                                                                                                                                                                                                                                                                                                                                                                            , POSITIVE , Entertainment,      4.0692005,  13302655, Entertainment                                                                                                                        , 1.0
Google Play Games             , efoot football gamers must installing app                                                                                                                                                                                                                                                                                                                                                                                                                                                                                    , NEGATIVE , Entertainment,      4.0692005,  13302655, Entertainment                                                                                                                        , 0.9580000000000001
Google Play Games             , good                                                                                                                                                                                                                                                                                                                                                                                                                                                                                                                         , POSITIVE , Entertainment,      4.0692005,  13302655, Entertainment                                                                                                                        , 1.0
Google Play Games             , soccer stat game not working :(                                                                                                                                                                                                                                                                                                                                                                                                                                                                                              , NEGATIVE , Entertainment,      4.0692005,  13302655, Entertainment                                                                                                                        , 1.0
Google Play Games             , Tati game                                                                                                                                                                                                                                                                                                                                                                                                                                                                                                                    , POSITIVE , Entertainment,      4.0692005,  13302655, Entertainment                                                                                                                        , 0.999
Google Play Games             , "for now I'm going to rate it 1 star. the reason is because I'm having difficulties trying to login to a specific game using my Google account and it has to do something with Google play games but the settings isn't there and it keeps saying ""some settings failed to load, please try again later"" even though my wifi is good pls help"                                                                                                                                                                             , NEGATIVE , Entertainment,      4.0692005,  13302655, Entertainment                                                                                                                        , 0.998
Google Play Games             , worst working                                                                                                                                                                                                                                                                                                                                                                                                                                                                                                                , NEGATIVE , Entertainment,      4.0692005,  13302655, Entertainment                                                                                                                        , 1.0
Royal Match                   , this sucks                                                                                                                                                                                                                                                                                                                                                                                                                                                                                                                   , NEGATIVE , Puzzle       ,      4.642513 ,   8304332, "Puzzle, Match 3, Match 3 adventure, Casual, Single player, Stylized, Miscellaneous, Puzzles, History, Offline"                      , 0.999
Royal Match                   , very nice 👌                                                                                                                                                                                                                                                                                                                                                                                                                                                                                                                 , POSITIVE , Puzzle       ,      4.642513 ,   8304332, "Puzzle, Match 3, Match 3 adventure, Casual, Single player, Stylized, Miscellaneous, Puzzles, History, Offline"                      , 1.0
Royal Match                   , I love it 😍 so much fun 🫶                                                                                                                                                                                                                                                                                                                                                                                                                                                                                                  , POSITIVE , Puzzle       ,      4.642513 ,   8304332, "Puzzle, Match 3, Match 3 adventure, Casual, Single player, Stylized, Miscellaneous, Puzzles, History, Offline"                      , 1.0
Royal Match                   , jabardast                                                                                                                                                                                                                                                                                                                                                                                                                                                                                                                    , POSITIVE , Puzzle       ,      4.642513 ,   8304332, "Puzzle, Match 3, Match 3 adventure, Casual, Single player, Stylized, Miscellaneous, Puzzles, History, Offline"                      , 0.788
Royal Match                   , Can get pricey                                                                                                                                                                                                                                                                                                                                                                                                                                                                                                               , POSITIVE , Puzzle       ,      4.642513 ,   8304332, "Puzzle, Match 3, Match 3 adventure, Casual, Single player, Stylized, Miscellaneous, Puzzles, History, Offline"                      , 1.0
Royal Match                   , I absolutely love this game! But i did not get my coins or boosters for finishing the grand nature card collection. How can i get them?                                                                                                                                                                                                                                                                                                                                                                                      , NEGATIVE , Puzzle       ,      4.642513 ,   8304332, "Puzzle, Match 3, Match 3 adventure, Casual, Single player, Stylized, Miscellaneous, Puzzles, History, Offline"                      , 0.997
Royal Match                   , fast paced fun game                                                                                                                                                                                                                                                                                                                                                                                                                                                                                                          , POSITIVE , Puzzle       ,      4.642513 ,   8304332, "Puzzle, Match 3, Match 3 adventure, Casual, Single player, Stylized, Miscellaneous, Puzzles, History, Offline"                      , 1.0
Royal Match                   , varry nice game 🎮                                                                                                                                                                                                                                                                                                                                                                                                                                                                                                           , POSITIVE , Puzzle       ,      4.642513 ,   8304332, "Puzzle, Match 3, Match 3 adventure, Casual, Single player, Stylized, Miscellaneous, Puzzles, History, Offline"                      , 0.999
Royal Match                   , good game                                                                                                                                                                                                                                                                                                                                                                                                                                                                                                                    , POSITIVE , Puzzle       ,      4.642513 ,   8304332, "Puzzle, Match 3, Match 3 adventure, Casual, Single player, Stylized, Miscellaneous, Puzzles, History, Offline"                      , 1.0
Royal Match                   , This game is built on lies the ads is quite different from the game play. the game play is just based on matching stuffs                                                                                                                                                                                                                                                                                                                                                                                                     , NEGATIVE , Puzzle       ,      4.642513 ,   8304332, "Puzzle, Match 3, Match 3 adventure, Casual, Single player, Stylized, Miscellaneous, Puzzles, History, Offline"                      , 0.525
Royal Match                   , good                                                                                                                                                                                                                                                                                                                                                                                                                                                                                                                         , POSITIVE , Puzzle       ,      4.642513 ,   8304332, "Puzzle, Match 3, Match 3 adventure, Casual, Single player, Stylized, Miscellaneous, Puzzles, History, Offline"                      , 1.0
Royal Match                   , Neha Ghai good                                                                                                                                                                                                                                                                                                                                                                                                                                                                                                               , POSITIVE , Puzzle       ,      4.642513 ,   8304332, "Puzzle, Match 3, Match 3 adventure, Casual, Single player, Stylized, Miscellaneous, Puzzles, History, Offline"                      , 1.0
Royal Match                   , it is amazing game 👏👏 I love this game very much                                                                                                                                                                                                                                                                                                                                                                                                                                                                           , POSITIVE , Puzzle       ,      4.642513 ,   8304332, "Puzzle, Match 3, Match 3 adventure, Casual, Single player, Stylized, Miscellaneous, Puzzles, History, Offline"                      , 1.0
Royal Match                   , It's a fun and nice game to play                                                                                                                                                                                                                                                                                                                                                                                                                                                                                             , POSITIVE , Puzzle       ,      4.642513 ,   8304332, "Puzzle, Match 3, Match 3 adventure, Casual, Single player, Stylized, Miscellaneous, Puzzles, History, Offline"                      , 1.0
Royal Match                   , it's lame and pathetic in your company lies about how old play video games we pay you money you're a liar                                                                                                                                                                                                                                                                                                                                                                                                                    , NEGATIVE , Puzzle       ,      4.642513 ,   8304332, "Puzzle, Match 3, Match 3 adventure, Casual, Single player, Stylized, Miscellaneous, Puzzles, History, Offline"                      , 1.0
Royal Match                   , Supeb                                                                                                                                                                                                                                                                                                                                                                                                                                                                                                                        , NEGATIVE , Puzzle       ,      4.642513 ,   8304332, "Puzzle, Match 3, Match 3 adventure, Casual, Single player, Stylized, Miscellaneous, Puzzles, History, Offline"                      , 0.978
Royal Match                   , good                                                                                                                                                                                                                                                                                                                                                                                                                                                                                                                         , POSITIVE , Puzzle       ,      4.642513 ,   8304332, "Puzzle, Match 3, Match 3 adventure, Casual, Single player, Stylized, Miscellaneous, Puzzles, History, Offline"                      , 1.0
Royal Match                   , best game of world 🌎                                                                                                                                                                                                                                                                                                                                                                                                                                                                                                        , POSITIVE , Puzzle       ,      4.642513 ,   8304332, "Puzzle, Match 3, Match 3 adventure, Casual, Single player, Stylized, Miscellaneous, Puzzles, History, Offline"                      , 1.0
Royal Match                   , First time trying this and so far I like this very much! I loved Candy Crush when it came out but it became overrated for me. I tried all of them after a while got tired of the same kind of game. I like this change.                                                                                                                                                                                                                                                                                                      , POSITIVE , Puzzle       ,      4.642513 ,   8304332, "Puzzle, Match 3, Match 3 adventure, Casual, Single player, Stylized, Miscellaneous, Puzzles, History, Offline"                      , 0.991
Royal Match                   , "Royal Match does have predatory practices built into the game, so be a little careful. Royal Match can be a fun game to play."                                                                                                                                                                                                                                                                                                                                                                                              , POSITIVE , Puzzle       ,      4.642513 ,   8304332, "Puzzle, Match 3, Match 3 adventure, Casual, Single player, Stylized, Miscellaneous, Puzzles, History, Offline"                      , 0.998
